2025-07-01 02:03:10 [main] INFO  demo.backed.BackedApplication - Starting BackedApplication v0.0.1-SNAPSHOT using Java 1.8.0_212 on 144c3a865bb5 with PID 1 (/app/target/backed-0.0.1-SNAPSHOT.jar started by root in /app)
2025-07-01 02:03:10 [main] DEBUG demo.backed.BackedApplication - Running with Spring Boot v2.7.18, Spring v5.3.31
2025-07-01 02:03:10 [main] INFO  demo.backed.BackedApplication - The following 1 profile is active: "production"
2025-07-01 02:03:11 [main] INFO  o.s.d.r.c.RepositoryConfigurationDelegate - Bootstrapping Spring Data JPA repositories in DEFAULT mode.
2025-07-01 02:03:11 [main] INFO  o.s.d.r.c.RepositoryConfigurationDelegate - Finished Spring Data repository scanning in 69 ms. Found 4 JPA repository interfaces.
2025-07-01 02:03:12 [main] INFO  o.s.b.w.e.tomcat.TomcatWebServer - Tomcat initialized with port(s): 8080 (http)
2025-07-01 02:03:12 [main] INFO  o.a.catalina.core.StandardService - Starting service [Tomcat]
2025-07-01 02:03:12 [main] INFO  o.a.catalina.core.StandardEngine - Starting Servlet engine: [Apache Tomcat/9.0.83]
2025-07-01 02:03:13 [main] INFO  o.a.c.c.C.[Tomcat].[localhost].[/] - Initializing Spring embedded WebApplicationContext
2025-07-01 02:03:13 [main] INFO  o.s.b.w.s.c.ServletWebServerApplicationContext - Root WebApplicationContext: initialization completed in 2627 ms
2025-07-01 02:03:13 [main] DEBUG d.b.config.JwtAuthenticationFilter - Filter 'jwtAuthenticationFilter' configured for use
2025-07-01 02:03:13 [main] INFO  o.h.jpa.internal.util.LogHelper - HHH000204: Processing PersistenceUnitInfo [name: default]
2025-07-01 02:03:13 [main] INFO  org.hibernate.Version - HHH000412: Hibernate ORM core version 5.6.15.Final
2025-07-01 02:03:13 [main] INFO  o.h.annotations.common.Version - HCANN000001: Hibernate Commons Annotations {5.1.2.Final}
2025-07-01 02:03:13 [main] INFO  com.zaxxer.hikari.HikariDataSource - HikariCP - Starting...
2025-07-01 02:03:13 [main] INFO  com.zaxxer.hikari.HikariDataSource - HikariCP - Start completed.
2025-07-01 02:03:13 [main] INFO  org.hibernate.dialect.Dialect - HHH000400: Using dialect: org.hibernate.dialect.PostgreSQLDialect
2025-07-01 02:03:14 [main] DEBUG org.hibernate.SQL - 
    
    create table t_poc_audit_logs (
       id  bigserial not null,
        created_by varchar(50),
        created_time timestamp not null,
        is_deleted boolean not null,
        updated_by varchar(50),
        updated_time timestamp,
        version int8,
        department varchar(100),
        description TEXT,
        details TEXT,
        ip_address varchar(45),
        log_type varchar(50) not null,
        module varchar(100),
        module_name varchar(100),
        new_value TEXT,
        old_value TEXT,
        operation varchar(100),
        operation_name varchar(100),
        operation_time timestamp,
        resource_id varchar(100),
        resource_type varchar(100),
        status varchar(20),
        user_id int8,
        username varchar(100),
        primary key (id)
    )
2025-07-01 02:03:14 [main] DEBUG org.hibernate.SQL - 
    
    create table t_poc_sample_entities (
       id  bigserial not null,
        created_by varchar(50),
        created_time timestamp not null,
        is_deleted boolean not null,
        updated_by varchar(50),
        updated_time timestamp,
        version int8,
        category varchar(50),
        description varchar(500),
        name varchar(100) not null,
        sort_order int4,
        status varchar(20) not null,
        primary key (id)
    )
2025-07-01 02:03:14 [main] DEBUG org.hibernate.SQL - 
    
    create table t_poc_users (
       id  bigserial not null,
        created_by varchar(50),
        created_time timestamp not null,
        department varchar(50) not null,
        email varchar(100) not null,
        emergency_contact varchar(50),
        emergency_phone varchar(20),
        employee_id varchar(20) not null,
        hire_date timestamp,
        is_online boolean,
        last_login_time timestamp,
        manager varchar(50),
        notes varchar(500),
        password varchar(255) not null,
        phone varchar(20),
        position varchar(50),
        status varchar(20) not null,
        updated_by varchar(50),
        updated_time timestamp,
        user_name varchar(50) not null,
        user_type varchar(20) not null,
        work_location varchar(100),
        primary key (id)
    )
2025-07-01 02:03:14 [main] DEBUG org.hibernate.SQL - 
    
    create table t_test_connection (
       id  bigserial not null,
        created_time timestamp,
        test_message varchar(500),
        test_name varchar(100) not null,
        primary key (id)
    )
2025-07-01 02:03:14 [main] DEBUG org.hibernate.SQL - create index idx_sample_name on t_poc_sample_entities (name)
2025-07-01 02:03:14 [main] DEBUG org.hibernate.SQL - create index idx_sample_category on t_poc_sample_entities (category)
2025-07-01 02:03:14 [main] DEBUG org.hibernate.SQL - create index idx_department on t_poc_users (department)
2025-07-01 02:03:14 [main] DEBUG org.hibernate.SQL - create index idx_status on t_poc_users (status)
2025-07-01 02:03:14 [main] DEBUG org.hibernate.SQL - 
    
    alter table t_poc_users 
       drop constraint UK_ldrfy774xdr1pc156f21y8j7f
2025-07-01 02:03:14 [main] DEBUG org.hibernate.SQL - 
    
    alter table t_poc_users 
       add constraint UK_ldrfy774xdr1pc156f21y8j7f unique (email)
2025-07-01 02:03:14 [main] DEBUG org.hibernate.SQL - 
    
    alter table t_poc_users 
       drop constraint UK_me0wtt978sxxbp774cvhldeug
2025-07-01 02:03:14 [main] DEBUG org.hibernate.SQL - 
    
    alter table t_poc_users 
       add constraint UK_me0wtt978sxxbp774cvhldeug unique (employee_id)
2025-07-01 02:03:14 [main] INFO  o.h.e.t.j.p.i.JtaPlatformInitiator - HHH000490: Using JtaPlatform implementation: [org.hibernate.engine.transaction.jta.platform.internal.NoJtaPlatform]
2025-07-01 02:03:14 [main] INFO  o.s.o.j.LocalContainerEntityManagerFactoryBean - Initialized JPA EntityManagerFactory for persistence unit 'default'
2025-07-01 02:03:16 [main] WARN  o.s.b.a.o.j.JpaBaseConfiguration$JpaWebConfiguration - spring.jpa.open-in-view is enabled by default. Therefore, database queries may be performed during view rendering. Explicitly configure spring.jpa.open-in-view to disable this warning
2025-07-01 02:03:17 [main] INFO  o.s.s.web.DefaultSecurityFilterChain - Will secure any request with [org.springframework.security.web.session.DisableEncodeUrlFilter@6bc248ed, org.springframework.security.web.context.request.async.WebAsyncManagerIntegrationFilter@23a9ba52, org.springframework.security.web.context.SecurityContextPersistenceFilter@4de025bf, org.springframework.security.web.header.HeaderWriterFilter@6691490c, org.springframework.web.filter.CorsFilter@ca27722, org.springframework.security.web.authentication.logout.LogoutFilter@2e77b8cf, demo.backed.config.JwtAuthenticationFilter@49049a04, org.springframework.security.web.savedrequest.RequestCacheAwareFilter@1eef9aef, org.springframework.security.web.servletapi.SecurityContextHolderAwareRequestFilter@5db99216, org.springframework.security.web.authentication.AnonymousAuthenticationFilter@70ab80e3, org.springframework.security.web.session.SessionManagementFilter@2e5c7f0b, org.springframework.security.web.access.ExceptionTranslationFilter@a50b09c, org.springframework.security.web.access.intercept.FilterSecurityInterceptor@5003041b]
2025-07-01 02:03:17 [main] INFO  o.s.b.w.e.tomcat.TomcatWebServer - Tomcat started on port(s): 8080 (http) with context path ''
2025-07-01 02:03:18 [main] INFO  demo.backed.BackedApplication - Started BackedApplication in 8.474 seconds (JVM running for 9.178)
2025-07-01 02:03:18 [main] DEBUG org.hibernate.SQL - 
    /* select
        count(*) 
    from
        User x */ select
            count(*) as col_0_0_ 
        from
            t_poc_users user0_
2025-07-01 02:03:18 [main] DEBUG org.hibernate.SQL - 
    /* select
        generatedAlias0 
    from
        User as generatedAlias0 
    where
        generatedAlias0.email=:param0 */ select
            user0_.id as id1_2_,
            user0_.created_by as created_2_2_,
            user0_.created_time as created_3_2_,
            user0_.department as departme4_2_,
            user0_.email as email5_2_,
            user0_.emergency_contact as emergenc6_2_,
            user0_.emergency_phone as emergenc7_2_,
            user0_.employee_id as employee8_2_,
            user0_.hire_date as hire_dat9_2_,
            user0_.is_online as is_onli10_2_,
            user0_.last_login_time as last_lo11_2_,
            user0_.manager as manager12_2_,
            user0_.notes as notes13_2_,
            user0_.password as passwor14_2_,
            user0_.phone as phone15_2_,
            user0_.position as positio16_2_,
            user0_.status as status17_2_,
            user0_.updated_by as updated18_2_,
            user0_.updated_time as updated19_2_,
            user0_.user_name as user_na20_2_,
            user0_.user_type as user_ty21_2_,
            user0_.work_location as work_lo22_2_ 
        from
            t_poc_users user0_ 
        where
            user0_.email=?
2025-07-01 02:03:18 [main] TRACE o.h.type.descriptor.sql.BasicBinder - binding parameter [1] as [VARCHAR] - [admin@hkex.com]
2025-07-01 02:03:18 [main] DEBUG org.hibernate.SQL - 
    /* select
        generatedAlias0 
    from
        User as generatedAlias0 
    where
        generatedAlias0.employeeId=:param0 */ select
            user0_.id as id1_2_,
            user0_.created_by as created_2_2_,
            user0_.created_time as created_3_2_,
            user0_.department as departme4_2_,
            user0_.email as email5_2_,
            user0_.emergency_contact as emergenc6_2_,
            user0_.emergency_phone as emergenc7_2_,
            user0_.employee_id as employee8_2_,
            user0_.hire_date as hire_dat9_2_,
            user0_.is_online as is_onli10_2_,
            user0_.last_login_time as last_lo11_2_,
            user0_.manager as manager12_2_,
            user0_.notes as notes13_2_,
            user0_.password as passwor14_2_,
            user0_.phone as phone15_2_,
            user0_.position as positio16_2_,
            user0_.status as status17_2_,
            user0_.updated_by as updated18_2_,
            user0_.updated_time as updated19_2_,
            user0_.user_name as user_na20_2_,
            user0_.user_type as user_ty21_2_,
            user0_.work_location as work_lo22_2_ 
        from
            t_poc_users user0_ 
        where
            user0_.employee_id=?
2025-07-01 02:03:18 [main] TRACE o.h.type.descriptor.sql.BasicBinder - binding parameter [1] as [VARCHAR] - [EMP001]
2025-07-01 02:03:18 [main] DEBUG org.hibernate.SQL - 
    /* insert demo.backed.entity.User
        */ insert 
        into
            t_poc_users
            (created_by, created_time, department, email, emergency_contact, emergency_phone, employee_id, hire_date, is_online, last_login_time, manager, notes, password, phone, position, status, updated_by, updated_time, user_name, user_type, work_location) 
        values
            (?, ?, ?, ?, ?, ?, ?, ?, ?, ?, ?, ?, ?, ?, ?, ?, ?, ?, ?, ?, ?)
2025-07-01 02:03:18 [main] TRACE o.h.type.descriptor.sql.BasicBinder - binding parameter [1] as [VARCHAR] - [system]
2025-07-01 02:03:18 [main] TRACE o.h.type.descriptor.sql.BasicBinder - binding parameter [2] as [TIMESTAMP] - [2025-07-01T02:03:18.325]
2025-07-01 02:03:18 [main] TRACE o.h.type.descriptor.sql.BasicBinder - binding parameter [3] as [VARCHAR] - [信息技术部]
2025-07-01 02:03:18 [main] TRACE o.h.type.descriptor.sql.BasicBinder - binding parameter [4] as [VARCHAR] - [admin@hkex.com]
2025-07-01 02:03:18 [main] TRACE o.h.type.descriptor.sql.BasicBinder - binding parameter [5] as [VARCHAR] - [紧急联系人-系统管理员]
2025-07-01 02:03:18 [main] TRACE o.h.type.descriptor.sql.BasicBinder - binding parameter [6] as [VARCHAR] - [139001001]
2025-07-01 02:03:18 [main] TRACE o.h.type.descriptor.sql.BasicBinder - binding parameter [7] as [VARCHAR] - [EMP001]
2025-07-01 02:03:18 [main] TRACE o.h.type.descriptor.sql.BasicBinder - binding parameter [8] as [TIMESTAMP] - [2023-07-11T02:03:18.316]
2025-07-01 02:03:18 [main] TRACE o.h.type.descriptor.sql.BasicBinder - binding parameter [9] as [BOOLEAN] - [false]
2025-07-01 02:03:18 [main] TRACE o.h.type.descriptor.sql.BasicBinder - binding parameter [10] as [TIMESTAMP] - [null]
2025-07-01 02:03:18 [main] TRACE o.h.type.descriptor.sql.BasicBinder - binding parameter [11] as [VARCHAR] - [CTO]
2025-07-01 02:03:18 [main] TRACE o.h.type.descriptor.sql.BasicBinder - binding parameter [12] as [VARCHAR] - [系统初始化管理员账户]
2025-07-01 02:03:18 [main] TRACE o.h.type.descriptor.sql.BasicBinder - binding parameter [13] as [VARCHAR] - [$2a$10$Q84ysAHC80XFyXDd57wWz.vdFioAEh2eTf51JhBz4gIKAEGYhP.u.]
2025-07-01 02:03:18 [main] TRACE o.h.type.descriptor.sql.BasicBinder - binding parameter [14] as [VARCHAR] - [138001001]
2025-07-01 02:03:18 [main] TRACE o.h.type.descriptor.sql.BasicBinder - binding parameter [15] as [VARCHAR] - [系统管理员]
2025-07-01 02:03:18 [main] TRACE o.h.type.descriptor.sql.BasicBinder - binding parameter [16] as [VARCHAR] - [在职]
2025-07-01 02:03:18 [main] TRACE o.h.type.descriptor.sql.BasicBinder - binding parameter [17] as [VARCHAR] - [system]
2025-07-01 02:03:18 [main] TRACE o.h.type.descriptor.sql.BasicBinder - binding parameter [18] as [TIMESTAMP] - [2025-07-01T02:03:18.325]
2025-07-01 02:03:18 [main] TRACE o.h.type.descriptor.sql.BasicBinder - binding parameter [19] as [VARCHAR] - [系统管理员]
2025-07-01 02:03:18 [main] TRACE o.h.type.descriptor.sql.BasicBinder - binding parameter [20] as [VARCHAR] - [主管]
2025-07-01 02:03:18 [main] TRACE o.h.type.descriptor.sql.BasicBinder - binding parameter [21] as [VARCHAR] - [香港中环]
2025-07-01 02:03:18 [main] DEBUG org.hibernate.SQL - 
    /* select
        generatedAlias0 
    from
        User as generatedAlias0 
    where
        generatedAlias0.email=:param0 */ select
            user0_.id as id1_2_,
            user0_.created_by as created_2_2_,
            user0_.created_time as created_3_2_,
            user0_.department as departme4_2_,
            user0_.email as email5_2_,
            user0_.emergency_contact as emergenc6_2_,
            user0_.emergency_phone as emergenc7_2_,
            user0_.employee_id as employee8_2_,
            user0_.hire_date as hire_dat9_2_,
            user0_.is_online as is_onli10_2_,
            user0_.last_login_time as last_lo11_2_,
            user0_.manager as manager12_2_,
            user0_.notes as notes13_2_,
            user0_.password as passwor14_2_,
            user0_.phone as phone15_2_,
            user0_.position as positio16_2_,
            user0_.status as status17_2_,
            user0_.updated_by as updated18_2_,
            user0_.updated_time as updated19_2_,
            user0_.user_name as user_na20_2_,
            user0_.user_type as user_ty21_2_,
            user0_.work_location as work_lo22_2_ 
        from
            t_poc_users user0_ 
        where
            user0_.email=?
2025-07-01 02:03:18 [main] TRACE o.h.type.descriptor.sql.BasicBinder - binding parameter [1] as [VARCHAR] - [wangwu@hkex.com]
2025-07-01 02:03:18 [main] DEBUG org.hibernate.SQL - 
    /* select
        generatedAlias0 
    from
        User as generatedAlias0 
    where
        generatedAlias0.employeeId=:param0 */ select
            user0_.id as id1_2_,
            user0_.created_by as created_2_2_,
            user0_.created_time as created_3_2_,
            user0_.department as departme4_2_,
            user0_.email as email5_2_,
            user0_.emergency_contact as emergenc6_2_,
            user0_.emergency_phone as emergenc7_2_,
            user0_.employee_id as employee8_2_,
            user0_.hire_date as hire_dat9_2_,
            user0_.is_online as is_onli10_2_,
            user0_.last_login_time as last_lo11_2_,
            user0_.manager as manager12_2_,
            user0_.notes as notes13_2_,
            user0_.password as passwor14_2_,
            user0_.phone as phone15_2_,
            user0_.position as positio16_2_,
            user0_.status as status17_2_,
            user0_.updated_by as updated18_2_,
            user0_.updated_time as updated19_2_,
            user0_.user_name as user_na20_2_,
            user0_.user_type as user_ty21_2_,
            user0_.work_location as work_lo22_2_ 
        from
            t_poc_users user0_ 
        where
            user0_.employee_id=?
2025-07-01 02:03:18 [main] TRACE o.h.type.descriptor.sql.BasicBinder - binding parameter [1] as [VARCHAR] - [EMP002]
2025-07-01 02:03:18 [main] DEBUG org.hibernate.SQL - 
    /* insert demo.backed.entity.User
        */ insert 
        into
            t_poc_users
            (created_by, created_time, department, email, emergency_contact, emergency_phone, employee_id, hire_date, is_online, last_login_time, manager, notes, password, phone, position, status, updated_by, updated_time, user_name, user_type, work_location) 
        values
            (?, ?, ?, ?, ?, ?, ?, ?, ?, ?, ?, ?, ?, ?, ?, ?, ?, ?, ?, ?, ?)
2025-07-01 02:03:18 [main] TRACE o.h.type.descriptor.sql.BasicBinder - binding parameter [1] as [VARCHAR] - [system]
2025-07-01 02:03:18 [main] TRACE o.h.type.descriptor.sql.BasicBinder - binding parameter [2] as [TIMESTAMP] - [2025-07-01T02:03:18.531]
2025-07-01 02:03:18 [main] TRACE o.h.type.descriptor.sql.BasicBinder - binding parameter [3] as [VARCHAR] - [信息技术部]
2025-07-01 02:03:18 [main] TRACE o.h.type.descriptor.sql.BasicBinder - binding parameter [4] as [VARCHAR] - [wangwu@hkex.com]
2025-07-01 02:03:18 [main] TRACE o.h.type.descriptor.sql.BasicBinder - binding parameter [5] as [VARCHAR] - [紧急联系人-王五]
2025-07-01 02:03:18 [main] TRACE o.h.type.descriptor.sql.BasicBinder - binding parameter [6] as [VARCHAR] - [139002002]
2025-07-01 02:03:18 [main] TRACE o.h.type.descriptor.sql.BasicBinder - binding parameter [7] as [VARCHAR] - [EMP002]
2025-07-01 02:03:18 [main] TRACE o.h.type.descriptor.sql.BasicBinder - binding parameter [8] as [TIMESTAMP] - [2023-07-21T02:03:18.531]
2025-07-01 02:03:18 [main] TRACE o.h.type.descriptor.sql.BasicBinder - binding parameter [9] as [BOOLEAN] - [false]
2025-07-01 02:03:18 [main] TRACE o.h.type.descriptor.sql.BasicBinder - binding parameter [10] as [TIMESTAMP] - [null]
2025-07-01 02:03:18 [main] TRACE o.h.type.descriptor.sql.BasicBinder - binding parameter [11] as [VARCHAR] - [系统管理员]
2025-07-01 02:03:18 [main] TRACE o.h.type.descriptor.sql.BasicBinder - binding parameter [12] as [VARCHAR] - [IT部门技术开发人员]
2025-07-01 02:03:18 [main] TRACE o.h.type.descriptor.sql.BasicBinder - binding parameter [13] as [VARCHAR] - [$2a$10$MIEvQEzxfY2/KuYKY0MItu.IRZtM4Wg7AdyYxM.RncYiin8hMMhdG]
2025-07-01 02:03:18 [main] TRACE o.h.type.descriptor.sql.BasicBinder - binding parameter [14] as [VARCHAR] - [138002002]
2025-07-01 02:03:18 [main] TRACE o.h.type.descriptor.sql.BasicBinder - binding parameter [15] as [VARCHAR] - [高级软件工程师]
2025-07-01 02:03:18 [main] TRACE o.h.type.descriptor.sql.BasicBinder - binding parameter [16] as [VARCHAR] - [在职]
2025-07-01 02:03:18 [main] TRACE o.h.type.descriptor.sql.BasicBinder - binding parameter [17] as [VARCHAR] - [system]
2025-07-01 02:03:18 [main] TRACE o.h.type.descriptor.sql.BasicBinder - binding parameter [18] as [TIMESTAMP] - [2025-07-01T02:03:18.531]
2025-07-01 02:03:18 [main] TRACE o.h.type.descriptor.sql.BasicBinder - binding parameter [19] as [VARCHAR] - [王五]
2025-07-01 02:03:18 [main] TRACE o.h.type.descriptor.sql.BasicBinder - binding parameter [20] as [VARCHAR] - [员工]
2025-07-01 02:03:18 [main] TRACE o.h.type.descriptor.sql.BasicBinder - binding parameter [21] as [VARCHAR] - [香港中环]
2025-07-01 02:03:18 [main] DEBUG org.hibernate.SQL - 
    /* select
        generatedAlias0 
    from
        User as generatedAlias0 
    where
        generatedAlias0.email=:param0 */ select
            user0_.id as id1_2_,
            user0_.created_by as created_2_2_,
            user0_.created_time as created_3_2_,
            user0_.department as departme4_2_,
            user0_.email as email5_2_,
            user0_.emergency_contact as emergenc6_2_,
            user0_.emergency_phone as emergenc7_2_,
            user0_.employee_id as employee8_2_,
            user0_.hire_date as hire_dat9_2_,
            user0_.is_online as is_onli10_2_,
            user0_.last_login_time as last_lo11_2_,
            user0_.manager as manager12_2_,
            user0_.notes as notes13_2_,
            user0_.password as passwor14_2_,
            user0_.phone as phone15_2_,
            user0_.position as positio16_2_,
            user0_.status as status17_2_,
            user0_.updated_by as updated18_2_,
            user0_.updated_time as updated19_2_,
            user0_.user_name as user_na20_2_,
            user0_.user_type as user_ty21_2_,
            user0_.work_location as work_lo22_2_ 
        from
            t_poc_users user0_ 
        where
            user0_.email=?
2025-07-01 02:03:18 [main] TRACE o.h.type.descriptor.sql.BasicBinder - binding parameter [1] as [VARCHAR] - [liuliu@hkex.com]
2025-07-01 02:03:18 [main] DEBUG org.hibernate.SQL - 
    /* select
        generatedAlias0 
    from
        User as generatedAlias0 
    where
        generatedAlias0.employeeId=:param0 */ select
            user0_.id as id1_2_,
            user0_.created_by as created_2_2_,
            user0_.created_time as created_3_2_,
            user0_.department as departme4_2_,
            user0_.email as email5_2_,
            user0_.emergency_contact as emergenc6_2_,
            user0_.emergency_phone as emergenc7_2_,
            user0_.employee_id as employee8_2_,
            user0_.hire_date as hire_dat9_2_,
            user0_.is_online as is_onli10_2_,
            user0_.last_login_time as last_lo11_2_,
            user0_.manager as manager12_2_,
            user0_.notes as notes13_2_,
            user0_.password as passwor14_2_,
            user0_.phone as phone15_2_,
            user0_.position as positio16_2_,
            user0_.status as status17_2_,
            user0_.updated_by as updated18_2_,
            user0_.updated_time as updated19_2_,
            user0_.user_name as user_na20_2_,
            user0_.user_type as user_ty21_2_,
            user0_.work_location as work_lo22_2_ 
        from
            t_poc_users user0_ 
        where
            user0_.employee_id=?
2025-07-01 02:03:18 [main] TRACE o.h.type.descriptor.sql.BasicBinder - binding parameter [1] as [VARCHAR] - [EMP003]
2025-07-01 02:03:18 [main] DEBUG org.hibernate.SQL - 
    /* insert demo.backed.entity.User
        */ insert 
        into
            t_poc_users
            (created_by, created_time, department, email, emergency_contact, emergency_phone, employee_id, hire_date, is_online, last_login_time, manager, notes, password, phone, position, status, updated_by, updated_time, user_name, user_type, work_location) 
        values
            (?, ?, ?, ?, ?, ?, ?, ?, ?, ?, ?, ?, ?, ?, ?, ?, ?, ?, ?, ?, ?)
2025-07-01 02:03:18 [main] TRACE o.h.type.descriptor.sql.BasicBinder - binding parameter [1] as [VARCHAR] - [system]
2025-07-01 02:03:18 [main] TRACE o.h.type.descriptor.sql.BasicBinder - binding parameter [2] as [TIMESTAMP] - [2025-07-01T02:03:18.699]
2025-07-01 02:03:18 [main] TRACE o.h.type.descriptor.sql.BasicBinder - binding parameter [3] as [VARCHAR] - [信息技术部]
2025-07-01 02:03:18 [main] TRACE o.h.type.descriptor.sql.BasicBinder - binding parameter [4] as [VARCHAR] - [liuliu@hkex.com]
2025-07-01 02:03:18 [main] TRACE o.h.type.descriptor.sql.BasicBinder - binding parameter [5] as [VARCHAR] - [紧急联系人-刘六]
2025-07-01 02:03:18 [main] TRACE o.h.type.descriptor.sql.BasicBinder - binding parameter [6] as [VARCHAR] - [139003003]
2025-07-01 02:03:18 [main] TRACE o.h.type.descriptor.sql.BasicBinder - binding parameter [7] as [VARCHAR] - [EMP003]
2025-07-01 02:03:18 [main] TRACE o.h.type.descriptor.sql.BasicBinder - binding parameter [8] as [TIMESTAMP] - [2023-07-31T02:03:18.698]
2025-07-01 02:03:18 [main] TRACE o.h.type.descriptor.sql.BasicBinder - binding parameter [9] as [BOOLEAN] - [false]
2025-07-01 02:03:18 [main] TRACE o.h.type.descriptor.sql.BasicBinder - binding parameter [10] as [TIMESTAMP] - [null]
2025-07-01 02:03:18 [main] TRACE o.h.type.descriptor.sql.BasicBinder - binding parameter [11] as [VARCHAR] - [系统管理员]
2025-07-01 02:03:18 [main] TRACE o.h.type.descriptor.sql.BasicBinder - binding parameter [12] as [VARCHAR] - [IT部门数据库运维人员]
2025-07-01 02:03:18 [main] TRACE o.h.type.descriptor.sql.BasicBinder - binding parameter [13] as [VARCHAR] - [$2a$10$h4VpyYKovJXX97pxlolyf.p.yXDaQdPwGX9.oteYx3J23daA/F1oG]
2025-07-01 02:03:18 [main] TRACE o.h.type.descriptor.sql.BasicBinder - binding parameter [14] as [VARCHAR] - [138003003]
2025-07-01 02:03:18 [main] TRACE o.h.type.descriptor.sql.BasicBinder - binding parameter [15] as [VARCHAR] - [数据库管理员]
2025-07-01 02:03:18 [main] TRACE o.h.type.descriptor.sql.BasicBinder - binding parameter [16] as [VARCHAR] - [在职]
2025-07-01 02:03:18 [main] TRACE o.h.type.descriptor.sql.BasicBinder - binding parameter [17] as [VARCHAR] - [system]
2025-07-01 02:03:18 [main] TRACE o.h.type.descriptor.sql.BasicBinder - binding parameter [18] as [TIMESTAMP] - [2025-07-01T02:03:18.699]
2025-07-01 02:03:18 [main] TRACE o.h.type.descriptor.sql.BasicBinder - binding parameter [19] as [VARCHAR] - [刘六]
2025-07-01 02:03:18 [main] TRACE o.h.type.descriptor.sql.BasicBinder - binding parameter [20] as [VARCHAR] - [员工]
2025-07-01 02:03:18 [main] TRACE o.h.type.descriptor.sql.BasicBinder - binding parameter [21] as [VARCHAR] - [香港中环]
2025-07-01 02:03:18 [main] DEBUG org.hibernate.SQL - 
    /* select
        generatedAlias0 
    from
        User as generatedAlias0 
    where
        generatedAlias0.email=:param0 */ select
            user0_.id as id1_2_,
            user0_.created_by as created_2_2_,
            user0_.created_time as created_3_2_,
            user0_.department as departme4_2_,
            user0_.email as email5_2_,
            user0_.emergency_contact as emergenc6_2_,
            user0_.emergency_phone as emergenc7_2_,
            user0_.employee_id as employee8_2_,
            user0_.hire_date as hire_dat9_2_,
            user0_.is_online as is_onli10_2_,
            user0_.last_login_time as last_lo11_2_,
            user0_.manager as manager12_2_,
            user0_.notes as notes13_2_,
            user0_.password as passwor14_2_,
            user0_.phone as phone15_2_,
            user0_.position as positio16_2_,
            user0_.status as status17_2_,
            user0_.updated_by as updated18_2_,
            user0_.updated_time as updated19_2_,
            user0_.user_name as user_na20_2_,
            user0_.user_type as user_ty21_2_,
            user0_.work_location as work_lo22_2_ 
        from
            t_poc_users user0_ 
        where
            user0_.email=?
2025-07-01 02:03:18 [main] TRACE o.h.type.descriptor.sql.BasicBinder - binding parameter [1] as [VARCHAR] - [zhangsan@hkex.com]
2025-07-01 02:03:18 [main] DEBUG org.hibernate.SQL - 
    /* select
        generatedAlias0 
    from
        User as generatedAlias0 
    where
        generatedAlias0.employeeId=:param0 */ select
            user0_.id as id1_2_,
            user0_.created_by as created_2_2_,
            user0_.created_time as created_3_2_,
            user0_.department as departme4_2_,
            user0_.email as email5_2_,
            user0_.emergency_contact as emergenc6_2_,
            user0_.emergency_phone as emergenc7_2_,
            user0_.employee_id as employee8_2_,
            user0_.hire_date as hire_dat9_2_,
            user0_.is_online as is_onli10_2_,
            user0_.last_login_time as last_lo11_2_,
            user0_.manager as manager12_2_,
            user0_.notes as notes13_2_,
            user0_.password as passwor14_2_,
            user0_.phone as phone15_2_,
            user0_.position as positio16_2_,
            user0_.status as status17_2_,
            user0_.updated_by as updated18_2_,
            user0_.updated_time as updated19_2_,
            user0_.user_name as user_na20_2_,
            user0_.user_type as user_ty21_2_,
            user0_.work_location as work_lo22_2_ 
        from
            t_poc_users user0_ 
        where
            user0_.employee_id=?
2025-07-01 02:03:18 [main] TRACE o.h.type.descriptor.sql.BasicBinder - binding parameter [1] as [VARCHAR] - [EMP004]
2025-07-01 02:03:18 [main] DEBUG org.hibernate.SQL - 
    /* insert demo.backed.entity.User
        */ insert 
        into
            t_poc_users
            (created_by, created_time, department, email, emergency_contact, emergency_phone, employee_id, hire_date, is_online, last_login_time, manager, notes, password, phone, position, status, updated_by, updated_time, user_name, user_type, work_location) 
        values
            (?, ?, ?, ?, ?, ?, ?, ?, ?, ?, ?, ?, ?, ?, ?, ?, ?, ?, ?, ?, ?)
2025-07-01 02:03:18 [main] TRACE o.h.type.descriptor.sql.BasicBinder - binding parameter [1] as [VARCHAR] - [system]
2025-07-01 02:03:18 [main] TRACE o.h.type.descriptor.sql.BasicBinder - binding parameter [2] as [TIMESTAMP] - [2025-07-01T02:03:18.868]
2025-07-01 02:03:18 [main] TRACE o.h.type.descriptor.sql.BasicBinder - binding parameter [3] as [VARCHAR] - [财务部]
2025-07-01 02:03:18 [main] TRACE o.h.type.descriptor.sql.BasicBinder - binding parameter [4] as [VARCHAR] - [zhangsan@hkex.com]
2025-07-01 02:03:18 [main] TRACE o.h.type.descriptor.sql.BasicBinder - binding parameter [5] as [VARCHAR] - [紧急联系人-张三]
2025-07-01 02:03:18 [main] TRACE o.h.type.descriptor.sql.BasicBinder - binding parameter [6] as [VARCHAR] - [139004004]
2025-07-01 02:03:18 [main] TRACE o.h.type.descriptor.sql.BasicBinder - binding parameter [7] as [VARCHAR] - [EMP004]
2025-07-01 02:03:18 [main] TRACE o.h.type.descriptor.sql.BasicBinder - binding parameter [8] as [TIMESTAMP] - [2023-08-10T02:03:18.867]
2025-07-01 02:03:18 [main] TRACE o.h.type.descriptor.sql.BasicBinder - binding parameter [9] as [BOOLEAN] - [false]
2025-07-01 02:03:18 [main] TRACE o.h.type.descriptor.sql.BasicBinder - binding parameter [10] as [TIMESTAMP] - [null]
2025-07-01 02:03:18 [main] TRACE o.h.type.descriptor.sql.BasicBinder - binding parameter [11] as [VARCHAR] - [CFO]
2025-07-01 02:03:18 [main] TRACE o.h.type.descriptor.sql.BasicBinder - binding parameter [12] as [VARCHAR] - [财务部门负责人]
2025-07-01 02:03:18 [main] TRACE o.h.type.descriptor.sql.BasicBinder - binding parameter [13] as [VARCHAR] - [$2a$10$dzlGe4iDfWC1NG1YHJYfpe7KvS0JPjqEl4HGvuOTcyJjTWH/ybZGq]
2025-07-01 02:03:18 [main] TRACE o.h.type.descriptor.sql.BasicBinder - binding parameter [14] as [VARCHAR] - [138004004]
2025-07-01 02:03:18 [main] TRACE o.h.type.descriptor.sql.BasicBinder - binding parameter [15] as [VARCHAR] - [财务总监]
2025-07-01 02:03:18 [main] TRACE o.h.type.descriptor.sql.BasicBinder - binding parameter [16] as [VARCHAR] - [在职]
2025-07-01 02:03:18 [main] TRACE o.h.type.descriptor.sql.BasicBinder - binding parameter [17] as [VARCHAR] - [system]
2025-07-01 02:03:18 [main] TRACE o.h.type.descriptor.sql.BasicBinder - binding parameter [18] as [TIMESTAMP] - [2025-07-01T02:03:18.868]
2025-07-01 02:03:18 [main] TRACE o.h.type.descriptor.sql.BasicBinder - binding parameter [19] as [VARCHAR] - [张三]
2025-07-01 02:03:18 [main] TRACE o.h.type.descriptor.sql.BasicBinder - binding parameter [20] as [VARCHAR] - [主管]
2025-07-01 02:03:18 [main] TRACE o.h.type.descriptor.sql.BasicBinder - binding parameter [21] as [VARCHAR] - [香港中环]
2025-07-01 02:03:18 [main] DEBUG org.hibernate.SQL - 
    /* select
        generatedAlias0 
    from
        User as generatedAlias0 
    where
        generatedAlias0.email=:param0 */ select
            user0_.id as id1_2_,
            user0_.created_by as created_2_2_,
            user0_.created_time as created_3_2_,
            user0_.department as departme4_2_,
            user0_.email as email5_2_,
            user0_.emergency_contact as emergenc6_2_,
            user0_.emergency_phone as emergenc7_2_,
            user0_.employee_id as employee8_2_,
            user0_.hire_date as hire_dat9_2_,
            user0_.is_online as is_onli10_2_,
            user0_.last_login_time as last_lo11_2_,
            user0_.manager as manager12_2_,
            user0_.notes as notes13_2_,
            user0_.password as passwor14_2_,
            user0_.phone as phone15_2_,
            user0_.position as positio16_2_,
            user0_.status as status17_2_,
            user0_.updated_by as updated18_2_,
            user0_.updated_time as updated19_2_,
            user0_.user_name as user_na20_2_,
            user0_.user_type as user_ty21_2_,
            user0_.work_location as work_lo22_2_ 
        from
            t_poc_users user0_ 
        where
            user0_.email=?
2025-07-01 02:03:18 [main] TRACE o.h.type.descriptor.sql.BasicBinder - binding parameter [1] as [VARCHAR] - [liqing@hkex.com]
2025-07-01 02:03:18 [main] DEBUG org.hibernate.SQL - 
    /* select
        generatedAlias0 
    from
        User as generatedAlias0 
    where
        generatedAlias0.employeeId=:param0 */ select
            user0_.id as id1_2_,
            user0_.created_by as created_2_2_,
            user0_.created_time as created_3_2_,
            user0_.department as departme4_2_,
            user0_.email as email5_2_,
            user0_.emergency_contact as emergenc6_2_,
            user0_.emergency_phone as emergenc7_2_,
            user0_.employee_id as employee8_2_,
            user0_.hire_date as hire_dat9_2_,
            user0_.is_online as is_onli10_2_,
            user0_.last_login_time as last_lo11_2_,
            user0_.manager as manager12_2_,
            user0_.notes as notes13_2_,
            user0_.password as passwor14_2_,
            user0_.phone as phone15_2_,
            user0_.position as positio16_2_,
            user0_.status as status17_2_,
            user0_.updated_by as updated18_2_,
            user0_.updated_time as updated19_2_,
            user0_.user_name as user_na20_2_,
            user0_.user_type as user_ty21_2_,
            user0_.work_location as work_lo22_2_ 
        from
            t_poc_users user0_ 
        where
            user0_.employee_id=?
2025-07-01 02:03:18 [main] TRACE o.h.type.descriptor.sql.BasicBinder - binding parameter [1] as [VARCHAR] - [EMP005]
2025-07-01 02:03:19 [main] DEBUG org.hibernate.SQL - 
    /* insert demo.backed.entity.User
        */ insert 
        into
            t_poc_users
            (created_by, created_time, department, email, emergency_contact, emergency_phone, employee_id, hire_date, is_online, last_login_time, manager, notes, password, phone, position, status, updated_by, updated_time, user_name, user_type, work_location) 
        values
            (?, ?, ?, ?, ?, ?, ?, ?, ?, ?, ?, ?, ?, ?, ?, ?, ?, ?, ?, ?, ?)
2025-07-01 02:03:19 [main] TRACE o.h.type.descriptor.sql.BasicBinder - binding parameter [1] as [VARCHAR] - [system]
2025-07-01 02:03:19 [main] TRACE o.h.type.descriptor.sql.BasicBinder - binding parameter [2] as [TIMESTAMP] - [2025-07-01T02:03:19.036]
2025-07-01 02:03:19 [main] TRACE o.h.type.descriptor.sql.BasicBinder - binding parameter [3] as [VARCHAR] - [财务部]
2025-07-01 02:03:19 [main] TRACE o.h.type.descriptor.sql.BasicBinder - binding parameter [4] as [VARCHAR] - [liqing@hkex.com]
2025-07-01 02:03:19 [main] TRACE o.h.type.descriptor.sql.BasicBinder - binding parameter [5] as [VARCHAR] - [紧急联系人-李青]
2025-07-01 02:03:19 [main] TRACE o.h.type.descriptor.sql.BasicBinder - binding parameter [6] as [VARCHAR] - [139005005]
2025-07-01 02:03:19 [main] TRACE o.h.type.descriptor.sql.BasicBinder - binding parameter [7] as [VARCHAR] - [EMP005]
2025-07-01 02:03:19 [main] TRACE o.h.type.descriptor.sql.BasicBinder - binding parameter [8] as [TIMESTAMP] - [2023-08-20T02:03:19.035]
2025-07-01 02:03:19 [main] TRACE o.h.type.descriptor.sql.BasicBinder - binding parameter [9] as [BOOLEAN] - [false]
2025-07-01 02:03:19 [main] TRACE o.h.type.descriptor.sql.BasicBinder - binding parameter [10] as [TIMESTAMP] - [null]
2025-07-01 02:03:19 [main] TRACE o.h.type.descriptor.sql.BasicBinder - binding parameter [11] as [VARCHAR] - [张三]
2025-07-01 02:03:19 [main] TRACE o.h.type.descriptor.sql.BasicBinder - binding parameter [12] as [VARCHAR] - [财务部门会计人员]
2025-07-01 02:03:19 [main] TRACE o.h.type.descriptor.sql.BasicBinder - binding parameter [13] as [VARCHAR] - [$2a$10$s3m7nU5bjb12LfJZnOEtd.gICITstYAGAwCjso.Rek5K1u2nUEyem]
2025-07-01 02:03:19 [main] TRACE o.h.type.descriptor.sql.BasicBinder - binding parameter [14] as [VARCHAR] - [138005005]
2025-07-01 02:03:19 [main] TRACE o.h.type.descriptor.sql.BasicBinder - binding parameter [15] as [VARCHAR] - [高级会计师]
2025-07-01 02:03:19 [main] TRACE o.h.type.descriptor.sql.BasicBinder - binding parameter [16] as [VARCHAR] - [在职]
2025-07-01 02:03:19 [main] TRACE o.h.type.descriptor.sql.BasicBinder - binding parameter [17] as [VARCHAR] - [system]
2025-07-01 02:03:19 [main] TRACE o.h.type.descriptor.sql.BasicBinder - binding parameter [18] as [TIMESTAMP] - [2025-07-01T02:03:19.036]
2025-07-01 02:03:19 [main] TRACE o.h.type.descriptor.sql.BasicBinder - binding parameter [19] as [VARCHAR] - [李青]
2025-07-01 02:03:19 [main] TRACE o.h.type.descriptor.sql.BasicBinder - binding parameter [20] as [VARCHAR] - [员工]
2025-07-01 02:03:19 [main] TRACE o.h.type.descriptor.sql.BasicBinder - binding parameter [21] as [VARCHAR] - [香港中环]
2025-07-01 02:03:19 [main] DEBUG org.hibernate.SQL - 
    /* select
        generatedAlias0 
    from
        User as generatedAlias0 
    where
        generatedAlias0.email=:param0 */ select
            user0_.id as id1_2_,
            user0_.created_by as created_2_2_,
            user0_.created_time as created_3_2_,
            user0_.department as departme4_2_,
            user0_.email as email5_2_,
            user0_.emergency_contact as emergenc6_2_,
            user0_.emergency_phone as emergenc7_2_,
            user0_.employee_id as employee8_2_,
            user0_.hire_date as hire_dat9_2_,
            user0_.is_online as is_onli10_2_,
            user0_.last_login_time as last_lo11_2_,
            user0_.manager as manager12_2_,
            user0_.notes as notes13_2_,
            user0_.password as passwor14_2_,
            user0_.phone as phone15_2_,
            user0_.position as positio16_2_,
            user0_.status as status17_2_,
            user0_.updated_by as updated18_2_,
            user0_.updated_time as updated19_2_,
            user0_.user_name as user_na20_2_,
            user0_.user_type as user_ty21_2_,
            user0_.work_location as work_lo22_2_ 
        from
            t_poc_users user0_ 
        where
            user0_.email=?
2025-07-01 02:03:19 [main] TRACE o.h.type.descriptor.sql.BasicBinder - binding parameter [1] as [VARCHAR] - [chenfang@hkex.com]
2025-07-01 02:03:19 [main] DEBUG org.hibernate.SQL - 
    /* select
        generatedAlias0 
    from
        User as generatedAlias0 
    where
        generatedAlias0.employeeId=:param0 */ select
            user0_.id as id1_2_,
            user0_.created_by as created_2_2_,
            user0_.created_time as created_3_2_,
            user0_.department as departme4_2_,
            user0_.email as email5_2_,
            user0_.emergency_contact as emergenc6_2_,
            user0_.emergency_phone as emergenc7_2_,
            user0_.employee_id as employee8_2_,
            user0_.hire_date as hire_dat9_2_,
            user0_.is_online as is_onli10_2_,
            user0_.last_login_time as last_lo11_2_,
            user0_.manager as manager12_2_,
            user0_.notes as notes13_2_,
            user0_.password as passwor14_2_,
            user0_.phone as phone15_2_,
            user0_.position as positio16_2_,
            user0_.status as status17_2_,
            user0_.updated_by as updated18_2_,
            user0_.updated_time as updated19_2_,
            user0_.user_name as user_na20_2_,
            user0_.user_type as user_ty21_2_,
            user0_.work_location as work_lo22_2_ 
        from
            t_poc_users user0_ 
        where
            user0_.employee_id=?
2025-07-01 02:03:19 [main] TRACE o.h.type.descriptor.sql.BasicBinder - binding parameter [1] as [VARCHAR] - [EMP006]
2025-07-01 02:03:19 [main] DEBUG org.hibernate.SQL - 
    /* insert demo.backed.entity.User
        */ insert 
        into
            t_poc_users
            (created_by, created_time, department, email, emergency_contact, emergency_phone, employee_id, hire_date, is_online, last_login_time, manager, notes, password, phone, position, status, updated_by, updated_time, user_name, user_type, work_location) 
        values
            (?, ?, ?, ?, ?, ?, ?, ?, ?, ?, ?, ?, ?, ?, ?, ?, ?, ?, ?, ?, ?)
2025-07-01 02:03:19 [main] TRACE o.h.type.descriptor.sql.BasicBinder - binding parameter [1] as [VARCHAR] - [system]
2025-07-01 02:03:19 [main] TRACE o.h.type.descriptor.sql.BasicBinder - binding parameter [2] as [TIMESTAMP] - [2025-07-01T02:03:19.202]
2025-07-01 02:03:19 [main] TRACE o.h.type.descriptor.sql.BasicBinder - binding parameter [3] as [VARCHAR] - [财务部]
2025-07-01 02:03:19 [main] TRACE o.h.type.descriptor.sql.BasicBinder - binding parameter [4] as [VARCHAR] - [chenfang@hkex.com]
2025-07-01 02:03:19 [main] TRACE o.h.type.descriptor.sql.BasicBinder - binding parameter [5] as [VARCHAR] - [紧急联系人-陈芳]
2025-07-01 02:03:19 [main] TRACE o.h.type.descriptor.sql.BasicBinder - binding parameter [6] as [VARCHAR] - [139006006]
2025-07-01 02:03:19 [main] TRACE o.h.type.descriptor.sql.BasicBinder - binding parameter [7] as [VARCHAR] - [EMP006]
2025-07-01 02:03:19 [main] TRACE o.h.type.descriptor.sql.BasicBinder - binding parameter [8] as [TIMESTAMP] - [2023-08-30T02:03:19.202]
2025-07-01 02:03:19 [main] TRACE o.h.type.descriptor.sql.BasicBinder - binding parameter [9] as [BOOLEAN] - [false]
2025-07-01 02:03:19 [main] TRACE o.h.type.descriptor.sql.BasicBinder - binding parameter [10] as [TIMESTAMP] - [null]
2025-07-01 02:03:19 [main] TRACE o.h.type.descriptor.sql.BasicBinder - binding parameter [11] as [VARCHAR] - [张三]
2025-07-01 02:03:19 [main] TRACE o.h.type.descriptor.sql.BasicBinder - binding parameter [12] as [VARCHAR] - [财务部门出纳人员]
2025-07-01 02:03:19 [main] TRACE o.h.type.descriptor.sql.BasicBinder - binding parameter [13] as [VARCHAR] - [$2a$10$pYsaNKKaid4AWEU51Xn.NOYGbiYKE7AgavTnG4Q0ev4ExS5OPn7Ta]
2025-07-01 02:03:19 [main] TRACE o.h.type.descriptor.sql.BasicBinder - binding parameter [14] as [VARCHAR] - [138006006]
2025-07-01 02:03:19 [main] TRACE o.h.type.descriptor.sql.BasicBinder - binding parameter [15] as [VARCHAR] - [出纳员]
2025-07-01 02:03:19 [main] TRACE o.h.type.descriptor.sql.BasicBinder - binding parameter [16] as [VARCHAR] - [在职]
2025-07-01 02:03:19 [main] TRACE o.h.type.descriptor.sql.BasicBinder - binding parameter [17] as [VARCHAR] - [system]
2025-07-01 02:03:19 [main] TRACE o.h.type.descriptor.sql.BasicBinder - binding parameter [18] as [TIMESTAMP] - [2025-07-01T02:03:19.202]
2025-07-01 02:03:19 [main] TRACE o.h.type.descriptor.sql.BasicBinder - binding parameter [19] as [VARCHAR] - [陈芳]
2025-07-01 02:03:19 [main] TRACE o.h.type.descriptor.sql.BasicBinder - binding parameter [20] as [VARCHAR] - [员工]
2025-07-01 02:03:19 [main] TRACE o.h.type.descriptor.sql.BasicBinder - binding parameter [21] as [VARCHAR] - [香港中环]
2025-07-01 02:03:19 [main] DEBUG org.hibernate.SQL - 
    /* select
        generatedAlias0 
    from
        User as generatedAlias0 
    where
        generatedAlias0.email=:param0 */ select
            user0_.id as id1_2_,
            user0_.created_by as created_2_2_,
            user0_.created_time as created_3_2_,
            user0_.department as departme4_2_,
            user0_.email as email5_2_,
            user0_.emergency_contact as emergenc6_2_,
            user0_.emergency_phone as emergenc7_2_,
            user0_.employee_id as employee8_2_,
            user0_.hire_date as hire_dat9_2_,
            user0_.is_online as is_onli10_2_,
            user0_.last_login_time as last_lo11_2_,
            user0_.manager as manager12_2_,
            user0_.notes as notes13_2_,
            user0_.password as passwor14_2_,
            user0_.phone as phone15_2_,
            user0_.position as positio16_2_,
            user0_.status as status17_2_,
            user0_.updated_by as updated18_2_,
            user0_.updated_time as updated19_2_,
            user0_.user_name as user_na20_2_,
            user0_.user_type as user_ty21_2_,
            user0_.work_location as work_lo22_2_ 
        from
            t_poc_users user0_ 
        where
            user0_.email=?
2025-07-01 02:03:19 [main] TRACE o.h.type.descriptor.sql.BasicBinder - binding parameter [1] as [VARCHAR] - [sunqi@hkex.com]
2025-07-01 02:03:19 [main] DEBUG org.hibernate.SQL - 
    /* select
        generatedAlias0 
    from
        User as generatedAlias0 
    where
        generatedAlias0.employeeId=:param0 */ select
            user0_.id as id1_2_,
            user0_.created_by as created_2_2_,
            user0_.created_time as created_3_2_,
            user0_.department as departme4_2_,
            user0_.email as email5_2_,
            user0_.emergency_contact as emergenc6_2_,
            user0_.emergency_phone as emergenc7_2_,
            user0_.employee_id as employee8_2_,
            user0_.hire_date as hire_dat9_2_,
            user0_.is_online as is_onli10_2_,
            user0_.last_login_time as last_lo11_2_,
            user0_.manager as manager12_2_,
            user0_.notes as notes13_2_,
            user0_.password as passwor14_2_,
            user0_.phone as phone15_2_,
            user0_.position as positio16_2_,
            user0_.status as status17_2_,
            user0_.updated_by as updated18_2_,
            user0_.updated_time as updated19_2_,
            user0_.user_name as user_na20_2_,
            user0_.user_type as user_ty21_2_,
            user0_.work_location as work_lo22_2_ 
        from
            t_poc_users user0_ 
        where
            user0_.employee_id=?
2025-07-01 02:03:19 [main] TRACE o.h.type.descriptor.sql.BasicBinder - binding parameter [1] as [VARCHAR] - [EMP007]
2025-07-01 02:03:19 [main] DEBUG org.hibernate.SQL - 
    /* insert demo.backed.entity.User
        */ insert 
        into
            t_poc_users
            (created_by, created_time, department, email, emergency_contact, emergency_phone, employee_id, hire_date, is_online, last_login_time, manager, notes, password, phone, position, status, updated_by, updated_time, user_name, user_type, work_location) 
        values
            (?, ?, ?, ?, ?, ?, ?, ?, ?, ?, ?, ?, ?, ?, ?, ?, ?, ?, ?, ?, ?)
2025-07-01 02:03:19 [main] TRACE o.h.type.descriptor.sql.BasicBinder - binding parameter [1] as [VARCHAR] - [system]
2025-07-01 02:03:19 [main] TRACE o.h.type.descriptor.sql.BasicBinder - binding parameter [2] as [TIMESTAMP] - [2025-07-01T02:03:19.372]
2025-07-01 02:03:19 [main] TRACE o.h.type.descriptor.sql.BasicBinder - binding parameter [3] as [VARCHAR] - [人力资源部]
2025-07-01 02:03:19 [main] TRACE o.h.type.descriptor.sql.BasicBinder - binding parameter [4] as [VARCHAR] - [sunqi@hkex.com]
2025-07-01 02:03:19 [main] TRACE o.h.type.descriptor.sql.BasicBinder - binding parameter [5] as [VARCHAR] - [紧急联系人-孙七]
2025-07-01 02:03:19 [main] TRACE o.h.type.descriptor.sql.BasicBinder - binding parameter [6] as [VARCHAR] - [139007007]
2025-07-01 02:03:19 [main] TRACE o.h.type.descriptor.sql.BasicBinder - binding parameter [7] as [VARCHAR] - [EMP007]
2025-07-01 02:03:19 [main] TRACE o.h.type.descriptor.sql.BasicBinder - binding parameter [8] as [TIMESTAMP] - [2023-09-09T02:03:19.372]
2025-07-01 02:03:19 [main] TRACE o.h.type.descriptor.sql.BasicBinder - binding parameter [9] as [BOOLEAN] - [false]
2025-07-01 02:03:19 [main] TRACE o.h.type.descriptor.sql.BasicBinder - binding parameter [10] as [TIMESTAMP] - [null]
2025-07-01 02:03:19 [main] TRACE o.h.type.descriptor.sql.BasicBinder - binding parameter [11] as [VARCHAR] - [COO]
2025-07-01 02:03:19 [main] TRACE o.h.type.descriptor.sql.BasicBinder - binding parameter [12] as [VARCHAR] - [人力资源部门负责人]
2025-07-01 02:03:19 [main] TRACE o.h.type.descriptor.sql.BasicBinder - binding parameter [13] as [VARCHAR] - [$2a$10$C/FwCHPNlevdggoKn.pgOe0Kj0umvwzv1TznXjESa1/37Wh/TDyn2]
2025-07-01 02:03:19 [main] TRACE o.h.type.descriptor.sql.BasicBinder - binding parameter [14] as [VARCHAR] - [138007007]
2025-07-01 02:03:19 [main] TRACE o.h.type.descriptor.sql.BasicBinder - binding parameter [15] as [VARCHAR] - [人力资源总监]
2025-07-01 02:03:19 [main] TRACE o.h.type.descriptor.sql.BasicBinder - binding parameter [16] as [VARCHAR] - [在职]
2025-07-01 02:03:19 [main] TRACE o.h.type.descriptor.sql.BasicBinder - binding parameter [17] as [VARCHAR] - [system]
2025-07-01 02:03:19 [main] TRACE o.h.type.descriptor.sql.BasicBinder - binding parameter [18] as [TIMESTAMP] - [2025-07-01T02:03:19.372]
2025-07-01 02:03:19 [main] TRACE o.h.type.descriptor.sql.BasicBinder - binding parameter [19] as [VARCHAR] - [孙七]
2025-07-01 02:03:19 [main] TRACE o.h.type.descriptor.sql.BasicBinder - binding parameter [20] as [VARCHAR] - [主管]
2025-07-01 02:03:19 [main] TRACE o.h.type.descriptor.sql.BasicBinder - binding parameter [21] as [VARCHAR] - [香港中环]
2025-07-01 02:03:19 [main] DEBUG org.hibernate.SQL - 
    /* select
        generatedAlias0 
    from
        User as generatedAlias0 
    where
        generatedAlias0.email=:param0 */ select
            user0_.id as id1_2_,
            user0_.created_by as created_2_2_,
            user0_.created_time as created_3_2_,
            user0_.department as departme4_2_,
            user0_.email as email5_2_,
            user0_.emergency_contact as emergenc6_2_,
            user0_.emergency_phone as emergenc7_2_,
            user0_.employee_id as employee8_2_,
            user0_.hire_date as hire_dat9_2_,
            user0_.is_online as is_onli10_2_,
            user0_.last_login_time as last_lo11_2_,
            user0_.manager as manager12_2_,
            user0_.notes as notes13_2_,
            user0_.password as passwor14_2_,
            user0_.phone as phone15_2_,
            user0_.position as positio16_2_,
            user0_.status as status17_2_,
            user0_.updated_by as updated18_2_,
            user0_.updated_time as updated19_2_,
            user0_.user_name as user_na20_2_,
            user0_.user_type as user_ty21_2_,
            user0_.work_location as work_lo22_2_ 
        from
            t_poc_users user0_ 
        where
            user0_.email=?
2025-07-01 02:03:19 [main] TRACE o.h.type.descriptor.sql.BasicBinder - binding parameter [1] as [VARCHAR] - [zhouba@hkex.com]
2025-07-01 02:03:19 [main] DEBUG org.hibernate.SQL - 
    /* select
        generatedAlias0 
    from
        User as generatedAlias0 
    where
        generatedAlias0.employeeId=:param0 */ select
            user0_.id as id1_2_,
            user0_.created_by as created_2_2_,
            user0_.created_time as created_3_2_,
            user0_.department as departme4_2_,
            user0_.email as email5_2_,
            user0_.emergency_contact as emergenc6_2_,
            user0_.emergency_phone as emergenc7_2_,
            user0_.employee_id as employee8_2_,
            user0_.hire_date as hire_dat9_2_,
            user0_.is_online as is_onli10_2_,
            user0_.last_login_time as last_lo11_2_,
            user0_.manager as manager12_2_,
            user0_.notes as notes13_2_,
            user0_.password as passwor14_2_,
            user0_.phone as phone15_2_,
            user0_.position as positio16_2_,
            user0_.status as status17_2_,
            user0_.updated_by as updated18_2_,
            user0_.updated_time as updated19_2_,
            user0_.user_name as user_na20_2_,
            user0_.user_type as user_ty21_2_,
            user0_.work_location as work_lo22_2_ 
        from
            t_poc_users user0_ 
        where
            user0_.employee_id=?
2025-07-01 02:03:19 [main] TRACE o.h.type.descriptor.sql.BasicBinder - binding parameter [1] as [VARCHAR] - [EMP008]
2025-07-01 02:03:19 [main] DEBUG org.hibernate.SQL - 
    /* insert demo.backed.entity.User
        */ insert 
        into
            t_poc_users
            (created_by, created_time, department, email, emergency_contact, emergency_phone, employee_id, hire_date, is_online, last_login_time, manager, notes, password, phone, position, status, updated_by, updated_time, user_name, user_type, work_location) 
        values
            (?, ?, ?, ?, ?, ?, ?, ?, ?, ?, ?, ?, ?, ?, ?, ?, ?, ?, ?, ?, ?)
2025-07-01 02:03:19 [main] TRACE o.h.type.descriptor.sql.BasicBinder - binding parameter [1] as [VARCHAR] - [system]
2025-07-01 02:03:19 [main] TRACE o.h.type.descriptor.sql.BasicBinder - binding parameter [2] as [TIMESTAMP] - [2025-07-01T02:03:19.539]
2025-07-01 02:03:19 [main] TRACE o.h.type.descriptor.sql.BasicBinder - binding parameter [3] as [VARCHAR] - [人力资源部]
2025-07-01 02:03:19 [main] TRACE o.h.type.descriptor.sql.BasicBinder - binding parameter [4] as [VARCHAR] - [zhouba@hkex.com]
2025-07-01 02:03:19 [main] TRACE o.h.type.descriptor.sql.BasicBinder - binding parameter [5] as [VARCHAR] - [紧急联系人-周八]
2025-07-01 02:03:19 [main] TRACE o.h.type.descriptor.sql.BasicBinder - binding parameter [6] as [VARCHAR] - [139008008]
2025-07-01 02:03:19 [main] TRACE o.h.type.descriptor.sql.BasicBinder - binding parameter [7] as [VARCHAR] - [EMP008]
2025-07-01 02:03:19 [main] TRACE o.h.type.descriptor.sql.BasicBinder - binding parameter [8] as [TIMESTAMP] - [2023-09-19T02:03:19.539]
2025-07-01 02:03:19 [main] TRACE o.h.type.descriptor.sql.BasicBinder - binding parameter [9] as [BOOLEAN] - [false]
2025-07-01 02:03:19 [main] TRACE o.h.type.descriptor.sql.BasicBinder - binding parameter [10] as [TIMESTAMP] - [null]
2025-07-01 02:03:19 [main] TRACE o.h.type.descriptor.sql.BasicBinder - binding parameter [11] as [VARCHAR] - [孙七]
2025-07-01 02:03:19 [main] TRACE o.h.type.descriptor.sql.BasicBinder - binding parameter [12] as [VARCHAR] - [人力资源部门招聘人员]
2025-07-01 02:03:19 [main] TRACE o.h.type.descriptor.sql.BasicBinder - binding parameter [13] as [VARCHAR] - [$2a$10$7UM58b4hj1gowInJqxdrwu8iW1fZg7o1HZOo7uIZePQZbx4WVNJYu]
2025-07-01 02:03:19 [main] TRACE o.h.type.descriptor.sql.BasicBinder - binding parameter [14] as [VARCHAR] - [138008008]
2025-07-01 02:03:19 [main] TRACE o.h.type.descriptor.sql.BasicBinder - binding parameter [15] as [VARCHAR] - [招聘专员]
2025-07-01 02:03:19 [main] TRACE o.h.type.descriptor.sql.BasicBinder - binding parameter [16] as [VARCHAR] - [在职]
2025-07-01 02:03:19 [main] TRACE o.h.type.descriptor.sql.BasicBinder - binding parameter [17] as [VARCHAR] - [system]
2025-07-01 02:03:19 [main] TRACE o.h.type.descriptor.sql.BasicBinder - binding parameter [18] as [TIMESTAMP] - [2025-07-01T02:03:19.539]
2025-07-01 02:03:19 [main] TRACE o.h.type.descriptor.sql.BasicBinder - binding parameter [19] as [VARCHAR] - [周八]
2025-07-01 02:03:19 [main] TRACE o.h.type.descriptor.sql.BasicBinder - binding parameter [20] as [VARCHAR] - [员工]
2025-07-01 02:03:19 [main] TRACE o.h.type.descriptor.sql.BasicBinder - binding parameter [21] as [VARCHAR] - [香港中环]
2025-07-01 02:03:19 [main] DEBUG org.hibernate.SQL - 
    /* select
        generatedAlias0 
    from
        User as generatedAlias0 
    where
        generatedAlias0.email=:param0 */ select
            user0_.id as id1_2_,
            user0_.created_by as created_2_2_,
            user0_.created_time as created_3_2_,
            user0_.department as departme4_2_,
            user0_.email as email5_2_,
            user0_.emergency_contact as emergenc6_2_,
            user0_.emergency_phone as emergenc7_2_,
            user0_.employee_id as employee8_2_,
            user0_.hire_date as hire_dat9_2_,
            user0_.is_online as is_onli10_2_,
            user0_.last_login_time as last_lo11_2_,
            user0_.manager as manager12_2_,
            user0_.notes as notes13_2_,
            user0_.password as passwor14_2_,
            user0_.phone as phone15_2_,
            user0_.position as positio16_2_,
            user0_.status as status17_2_,
            user0_.updated_by as updated18_2_,
            user0_.updated_time as updated19_2_,
            user0_.user_name as user_na20_2_,
            user0_.user_type as user_ty21_2_,
            user0_.work_location as work_lo22_2_ 
        from
            t_poc_users user0_ 
        where
            user0_.email=?
2025-07-01 02:03:19 [main] TRACE o.h.type.descriptor.sql.BasicBinder - binding parameter [1] as [VARCHAR] - [wujiu@hkex.com]
2025-07-01 02:03:19 [main] DEBUG org.hibernate.SQL - 
    /* select
        generatedAlias0 
    from
        User as generatedAlias0 
    where
        generatedAlias0.employeeId=:param0 */ select
            user0_.id as id1_2_,
            user0_.created_by as created_2_2_,
            user0_.created_time as created_3_2_,
            user0_.department as departme4_2_,
            user0_.email as email5_2_,
            user0_.emergency_contact as emergenc6_2_,
            user0_.emergency_phone as emergenc7_2_,
            user0_.employee_id as employee8_2_,
            user0_.hire_date as hire_dat9_2_,
            user0_.is_online as is_onli10_2_,
            user0_.last_login_time as last_lo11_2_,
            user0_.manager as manager12_2_,
            user0_.notes as notes13_2_,
            user0_.password as passwor14_2_,
            user0_.phone as phone15_2_,
            user0_.position as positio16_2_,
            user0_.status as status17_2_,
            user0_.updated_by as updated18_2_,
            user0_.updated_time as updated19_2_,
            user0_.user_name as user_na20_2_,
            user0_.user_type as user_ty21_2_,
            user0_.work_location as work_lo22_2_ 
        from
            t_poc_users user0_ 
        where
            user0_.employee_id=?
2025-07-01 02:03:19 [main] TRACE o.h.type.descriptor.sql.BasicBinder - binding parameter [1] as [VARCHAR] - [EMP009]
2025-07-01 02:03:19 [main] DEBUG org.hibernate.SQL - 
    /* insert demo.backed.entity.User
        */ insert 
        into
            t_poc_users
            (created_by, created_time, department, email, emergency_contact, emergency_phone, employee_id, hire_date, is_online, last_login_time, manager, notes, password, phone, position, status, updated_by, updated_time, user_name, user_type, work_location) 
        values
            (?, ?, ?, ?, ?, ?, ?, ?, ?, ?, ?, ?, ?, ?, ?, ?, ?, ?, ?, ?, ?)
2025-07-01 02:03:19 [main] TRACE o.h.type.descriptor.sql.BasicBinder - binding parameter [1] as [VARCHAR] - [system]
2025-07-01 02:03:19 [main] TRACE o.h.type.descriptor.sql.BasicBinder - binding parameter [2] as [TIMESTAMP] - [2025-07-01T02:03:19.707]
2025-07-01 02:03:19 [main] TRACE o.h.type.descriptor.sql.BasicBinder - binding parameter [3] as [VARCHAR] - [交易部]
2025-07-01 02:03:19 [main] TRACE o.h.type.descriptor.sql.BasicBinder - binding parameter [4] as [VARCHAR] - [wujiu@hkex.com]
2025-07-01 02:03:19 [main] TRACE o.h.type.descriptor.sql.BasicBinder - binding parameter [5] as [VARCHAR] - [紧急联系人-吴九]
2025-07-01 02:03:19 [main] TRACE o.h.type.descriptor.sql.BasicBinder - binding parameter [6] as [VARCHAR] - [139009009]
2025-07-01 02:03:19 [main] TRACE o.h.type.descriptor.sql.BasicBinder - binding parameter [7] as [VARCHAR] - [EMP009]
2025-07-01 02:03:19 [main] TRACE o.h.type.descriptor.sql.BasicBinder - binding parameter [8] as [TIMESTAMP] - [2023-09-29T02:03:19.707]
2025-07-01 02:03:19 [main] TRACE o.h.type.descriptor.sql.BasicBinder - binding parameter [9] as [BOOLEAN] - [false]
2025-07-01 02:03:19 [main] TRACE o.h.type.descriptor.sql.BasicBinder - binding parameter [10] as [TIMESTAMP] - [null]
2025-07-01 02:03:19 [main] TRACE o.h.type.descriptor.sql.BasicBinder - binding parameter [11] as [VARCHAR] - [CEO]
2025-07-01 02:03:19 [main] TRACE o.h.type.descriptor.sql.BasicBinder - binding parameter [12] as [VARCHAR] - [交易部门负责人]
2025-07-01 02:03:19 [main] TRACE o.h.type.descriptor.sql.BasicBinder - binding parameter [13] as [VARCHAR] - [$2a$10$mqC8z78SnAgqEwSE5loXgezCxMQqH.rc3iI7oUMWeEN4Rk7m2PP9W]
2025-07-01 02:03:19 [main] TRACE o.h.type.descriptor.sql.BasicBinder - binding parameter [14] as [VARCHAR] - [138009009]
2025-07-01 02:03:19 [main] TRACE o.h.type.descriptor.sql.BasicBinder - binding parameter [15] as [VARCHAR] - [交易总监]
2025-07-01 02:03:19 [main] TRACE o.h.type.descriptor.sql.BasicBinder - binding parameter [16] as [VARCHAR] - [在职]
2025-07-01 02:03:19 [main] TRACE o.h.type.descriptor.sql.BasicBinder - binding parameter [17] as [VARCHAR] - [system]
2025-07-01 02:03:19 [main] TRACE o.h.type.descriptor.sql.BasicBinder - binding parameter [18] as [TIMESTAMP] - [2025-07-01T02:03:19.707]
2025-07-01 02:03:19 [main] TRACE o.h.type.descriptor.sql.BasicBinder - binding parameter [19] as [VARCHAR] - [吴九]
2025-07-01 02:03:19 [main] TRACE o.h.type.descriptor.sql.BasicBinder - binding parameter [20] as [VARCHAR] - [主管]
2025-07-01 02:03:19 [main] TRACE o.h.type.descriptor.sql.BasicBinder - binding parameter [21] as [VARCHAR] - [香港中环]
2025-07-01 02:03:19 [main] DEBUG org.hibernate.SQL - 
    /* select
        generatedAlias0 
    from
        User as generatedAlias0 
    where
        generatedAlias0.email=:param0 */ select
            user0_.id as id1_2_,
            user0_.created_by as created_2_2_,
            user0_.created_time as created_3_2_,
            user0_.department as departme4_2_,
            user0_.email as email5_2_,
            user0_.emergency_contact as emergenc6_2_,
            user0_.emergency_phone as emergenc7_2_,
            user0_.employee_id as employee8_2_,
            user0_.hire_date as hire_dat9_2_,
            user0_.is_online as is_onli10_2_,
            user0_.last_login_time as last_lo11_2_,
            user0_.manager as manager12_2_,
            user0_.notes as notes13_2_,
            user0_.password as passwor14_2_,
            user0_.phone as phone15_2_,
            user0_.position as positio16_2_,
            user0_.status as status17_2_,
            user0_.updated_by as updated18_2_,
            user0_.updated_time as updated19_2_,
            user0_.user_name as user_na20_2_,
            user0_.user_type as user_ty21_2_,
            user0_.work_location as work_lo22_2_ 
        from
            t_poc_users user0_ 
        where
            user0_.email=?
2025-07-01 02:03:19 [main] TRACE o.h.type.descriptor.sql.BasicBinder - binding parameter [1] as [VARCHAR] - [zhengshi@hkex.com]
2025-07-01 02:03:19 [main] DEBUG org.hibernate.SQL - 
    /* select
        generatedAlias0 
    from
        User as generatedAlias0 
    where
        generatedAlias0.employeeId=:param0 */ select
            user0_.id as id1_2_,
            user0_.created_by as created_2_2_,
            user0_.created_time as created_3_2_,
            user0_.department as departme4_2_,
            user0_.email as email5_2_,
            user0_.emergency_contact as emergenc6_2_,
            user0_.emergency_phone as emergenc7_2_,
            user0_.employee_id as employee8_2_,
            user0_.hire_date as hire_dat9_2_,
            user0_.is_online as is_onli10_2_,
            user0_.last_login_time as last_lo11_2_,
            user0_.manager as manager12_2_,
            user0_.notes as notes13_2_,
            user0_.password as passwor14_2_,
            user0_.phone as phone15_2_,
            user0_.position as positio16_2_,
            user0_.status as status17_2_,
            user0_.updated_by as updated18_2_,
            user0_.updated_time as updated19_2_,
            user0_.user_name as user_na20_2_,
            user0_.user_type as user_ty21_2_,
            user0_.work_location as work_lo22_2_ 
        from
            t_poc_users user0_ 
        where
            user0_.employee_id=?
2025-07-01 02:03:19 [main] TRACE o.h.type.descriptor.sql.BasicBinder - binding parameter [1] as [VARCHAR] - [EMP010]
2025-07-01 02:03:19 [main] DEBUG org.hibernate.SQL - 
    /* insert demo.backed.entity.User
        */ insert 
        into
            t_poc_users
            (created_by, created_time, department, email, emergency_contact, emergency_phone, employee_id, hire_date, is_online, last_login_time, manager, notes, password, phone, position, status, updated_by, updated_time, user_name, user_type, work_location) 
        values
            (?, ?, ?, ?, ?, ?, ?, ?, ?, ?, ?, ?, ?, ?, ?, ?, ?, ?, ?, ?, ?)
2025-07-01 02:03:19 [main] TRACE o.h.type.descriptor.sql.BasicBinder - binding parameter [1] as [VARCHAR] - [system]
2025-07-01 02:03:19 [main] TRACE o.h.type.descriptor.sql.BasicBinder - binding parameter [2] as [TIMESTAMP] - [2025-07-01T02:03:19.875]
2025-07-01 02:03:19 [main] TRACE o.h.type.descriptor.sql.BasicBinder - binding parameter [3] as [VARCHAR] - [交易部]
2025-07-01 02:03:19 [main] TRACE o.h.type.descriptor.sql.BasicBinder - binding parameter [4] as [VARCHAR] - [zhengshi@hkex.com]
2025-07-01 02:03:19 [main] TRACE o.h.type.descriptor.sql.BasicBinder - binding parameter [5] as [VARCHAR] - [紧急联系人-郑十]
2025-07-01 02:03:19 [main] TRACE o.h.type.descriptor.sql.BasicBinder - binding parameter [6] as [VARCHAR] - [139010000]
2025-07-01 02:03:19 [main] TRACE o.h.type.descriptor.sql.BasicBinder - binding parameter [7] as [VARCHAR] - [EMP010]
2025-07-01 02:03:19 [main] TRACE o.h.type.descriptor.sql.BasicBinder - binding parameter [8] as [TIMESTAMP] - [2023-10-09T02:03:19.874]
2025-07-01 02:03:19 [main] TRACE o.h.type.descriptor.sql.BasicBinder - binding parameter [9] as [BOOLEAN] - [false]
2025-07-01 02:03:19 [main] TRACE o.h.type.descriptor.sql.BasicBinder - binding parameter [10] as [TIMESTAMP] - [null]
2025-07-01 02:03:19 [main] TRACE o.h.type.descriptor.sql.BasicBinder - binding parameter [11] as [VARCHAR] - [吴九]
2025-07-01 02:03:19 [main] TRACE o.h.type.descriptor.sql.BasicBinder - binding parameter [12] as [VARCHAR] - [交易部门交易人员]
2025-07-01 02:03:19 [main] TRACE o.h.type.descriptor.sql.BasicBinder - binding parameter [13] as [VARCHAR] - [$2a$10$t8gqxHAKk.LFM.egEfQ0WeZ.bkuhKcAPu0mnrBeK/JmdjEcTgG04W]
2025-07-01 02:03:19 [main] TRACE o.h.type.descriptor.sql.BasicBinder - binding parameter [14] as [VARCHAR] - [138010000]
2025-07-01 02:03:19 [main] TRACE o.h.type.descriptor.sql.BasicBinder - binding parameter [15] as [VARCHAR] - [高级交易员]
2025-07-01 02:03:19 [main] TRACE o.h.type.descriptor.sql.BasicBinder - binding parameter [16] as [VARCHAR] - [在职]
2025-07-01 02:03:19 [main] TRACE o.h.type.descriptor.sql.BasicBinder - binding parameter [17] as [VARCHAR] - [system]
2025-07-01 02:03:19 [main] TRACE o.h.type.descriptor.sql.BasicBinder - binding parameter [18] as [TIMESTAMP] - [2025-07-01T02:03:19.875]
2025-07-01 02:03:19 [main] TRACE o.h.type.descriptor.sql.BasicBinder - binding parameter [19] as [VARCHAR] - [郑十]
2025-07-01 02:03:19 [main] TRACE o.h.type.descriptor.sql.BasicBinder - binding parameter [20] as [VARCHAR] - [员工]
2025-07-01 02:03:19 [main] TRACE o.h.type.descriptor.sql.BasicBinder - binding parameter [21] as [VARCHAR] - [香港中环]
2025-07-01 02:03:19 [main] DEBUG org.hibernate.SQL - 
    /* select
        generatedAlias0 
    from
        User as generatedAlias0 
    where
        generatedAlias0.email=:param0 */ select
            user0_.id as id1_2_,
            user0_.created_by as created_2_2_,
            user0_.created_time as created_3_2_,
            user0_.department as departme4_2_,
            user0_.email as email5_2_,
            user0_.emergency_contact as emergenc6_2_,
            user0_.emergency_phone as emergenc7_2_,
            user0_.employee_id as employee8_2_,
            user0_.hire_date as hire_dat9_2_,
            user0_.is_online as is_onli10_2_,
            user0_.last_login_time as last_lo11_2_,
            user0_.manager as manager12_2_,
            user0_.notes as notes13_2_,
            user0_.password as passwor14_2_,
            user0_.phone as phone15_2_,
            user0_.position as positio16_2_,
            user0_.status as status17_2_,
            user0_.updated_by as updated18_2_,
            user0_.updated_time as updated19_2_,
            user0_.user_name as user_na20_2_,
            user0_.user_type as user_ty21_2_,
            user0_.work_location as work_lo22_2_ 
        from
            t_poc_users user0_ 
        where
            user0_.email=?
2025-07-01 02:03:19 [main] TRACE o.h.type.descriptor.sql.BasicBinder - binding parameter [1] as [VARCHAR] - [huangyi@hkex.com]
2025-07-01 02:03:19 [main] DEBUG org.hibernate.SQL - 
    /* select
        generatedAlias0 
    from
        User as generatedAlias0 
    where
        generatedAlias0.employeeId=:param0 */ select
            user0_.id as id1_2_,
            user0_.created_by as created_2_2_,
            user0_.created_time as created_3_2_,
            user0_.department as departme4_2_,
            user0_.email as email5_2_,
            user0_.emergency_contact as emergenc6_2_,
            user0_.emergency_phone as emergenc7_2_,
            user0_.employee_id as employee8_2_,
            user0_.hire_date as hire_dat9_2_,
            user0_.is_online as is_onli10_2_,
            user0_.last_login_time as last_lo11_2_,
            user0_.manager as manager12_2_,
            user0_.notes as notes13_2_,
            user0_.password as passwor14_2_,
            user0_.phone as phone15_2_,
            user0_.position as positio16_2_,
            user0_.status as status17_2_,
            user0_.updated_by as updated18_2_,
            user0_.updated_time as updated19_2_,
            user0_.user_name as user_na20_2_,
            user0_.user_type as user_ty21_2_,
            user0_.work_location as work_lo22_2_ 
        from
            t_poc_users user0_ 
        where
            user0_.employee_id=?
2025-07-01 02:03:19 [main] TRACE o.h.type.descriptor.sql.BasicBinder - binding parameter [1] as [VARCHAR] - [EMP011]
2025-07-01 02:03:20 [main] DEBUG org.hibernate.SQL - 
    /* insert demo.backed.entity.User
        */ insert 
        into
            t_poc_users
            (created_by, created_time, department, email, emergency_contact, emergency_phone, employee_id, hire_date, is_online, last_login_time, manager, notes, password, phone, position, status, updated_by, updated_time, user_name, user_type, work_location) 
        values
            (?, ?, ?, ?, ?, ?, ?, ?, ?, ?, ?, ?, ?, ?, ?, ?, ?, ?, ?, ?, ?)
2025-07-01 02:03:20 [main] TRACE o.h.type.descriptor.sql.BasicBinder - binding parameter [1] as [VARCHAR] - [system]
2025-07-01 02:03:20 [main] TRACE o.h.type.descriptor.sql.BasicBinder - binding parameter [2] as [TIMESTAMP] - [2025-07-01T02:03:20.042]
2025-07-01 02:03:20 [main] TRACE o.h.type.descriptor.sql.BasicBinder - binding parameter [3] as [VARCHAR] - [风控部]
2025-07-01 02:03:20 [main] TRACE o.h.type.descriptor.sql.BasicBinder - binding parameter [4] as [VARCHAR] - [huangyi@hkex.com]
2025-07-01 02:03:20 [main] TRACE o.h.type.descriptor.sql.BasicBinder - binding parameter [5] as [VARCHAR] - [紧急联系人-黄一]
2025-07-01 02:03:20 [main] TRACE o.h.type.descriptor.sql.BasicBinder - binding parameter [6] as [VARCHAR] - [139011001]
2025-07-01 02:03:20 [main] TRACE o.h.type.descriptor.sql.BasicBinder - binding parameter [7] as [VARCHAR] - [EMP011]
2025-07-01 02:03:20 [main] TRACE o.h.type.descriptor.sql.BasicBinder - binding parameter [8] as [TIMESTAMP] - [2023-10-19T02:03:20.042]
2025-07-01 02:03:20 [main] TRACE o.h.type.descriptor.sql.BasicBinder - binding parameter [9] as [BOOLEAN] - [false]
2025-07-01 02:03:20 [main] TRACE o.h.type.descriptor.sql.BasicBinder - binding parameter [10] as [TIMESTAMP] - [null]
2025-07-01 02:03:20 [main] TRACE o.h.type.descriptor.sql.BasicBinder - binding parameter [11] as [VARCHAR] - [CRO]
2025-07-01 02:03:20 [main] TRACE o.h.type.descriptor.sql.BasicBinder - binding parameter [12] as [VARCHAR] - [风控部门负责人]
2025-07-01 02:03:20 [main] TRACE o.h.type.descriptor.sql.BasicBinder - binding parameter [13] as [VARCHAR] - [$2a$10$78c6Iq.OvFdHulSV/VBGIemJ4h45LAWPf6vOwR.sgyiYjTdrbyryy]
2025-07-01 02:03:20 [main] TRACE o.h.type.descriptor.sql.BasicBinder - binding parameter [14] as [VARCHAR] - [138011001]
2025-07-01 02:03:20 [main] TRACE o.h.type.descriptor.sql.BasicBinder - binding parameter [15] as [VARCHAR] - [风控经理]
2025-07-01 02:03:20 [main] TRACE o.h.type.descriptor.sql.BasicBinder - binding parameter [16] as [VARCHAR] - [在职]
2025-07-01 02:03:20 [main] TRACE o.h.type.descriptor.sql.BasicBinder - binding parameter [17] as [VARCHAR] - [system]
2025-07-01 02:03:20 [main] TRACE o.h.type.descriptor.sql.BasicBinder - binding parameter [18] as [TIMESTAMP] - [2025-07-01T02:03:20.042]
2025-07-01 02:03:20 [main] TRACE o.h.type.descriptor.sql.BasicBinder - binding parameter [19] as [VARCHAR] - [黄一]
2025-07-01 02:03:20 [main] TRACE o.h.type.descriptor.sql.BasicBinder - binding parameter [20] as [VARCHAR] - [主管]
2025-07-01 02:03:20 [main] TRACE o.h.type.descriptor.sql.BasicBinder - binding parameter [21] as [VARCHAR] - [香港中环]
2025-07-01 02:03:20 [main] DEBUG org.hibernate.SQL - 
    /* select
        generatedAlias0 
    from
        User as generatedAlias0 
    where
        generatedAlias0.email=:param0 */ select
            user0_.id as id1_2_,
            user0_.created_by as created_2_2_,
            user0_.created_time as created_3_2_,
            user0_.department as departme4_2_,
            user0_.email as email5_2_,
            user0_.emergency_contact as emergenc6_2_,
            user0_.emergency_phone as emergenc7_2_,
            user0_.employee_id as employee8_2_,
            user0_.hire_date as hire_dat9_2_,
            user0_.is_online as is_onli10_2_,
            user0_.last_login_time as last_lo11_2_,
            user0_.manager as manager12_2_,
            user0_.notes as notes13_2_,
            user0_.password as passwor14_2_,
            user0_.phone as phone15_2_,
            user0_.position as positio16_2_,
            user0_.status as status17_2_,
            user0_.updated_by as updated18_2_,
            user0_.updated_time as updated19_2_,
            user0_.user_name as user_na20_2_,
            user0_.user_type as user_ty21_2_,
            user0_.work_location as work_lo22_2_ 
        from
            t_poc_users user0_ 
        where
            user0_.email=?
2025-07-01 02:03:20 [main] TRACE o.h.type.descriptor.sql.BasicBinder - binding parameter [1] as [VARCHAR] - [xueer@hkex.com]
2025-07-01 02:03:20 [main] DEBUG org.hibernate.SQL - 
    /* select
        generatedAlias0 
    from
        User as generatedAlias0 
    where
        generatedAlias0.employeeId=:param0 */ select
            user0_.id as id1_2_,
            user0_.created_by as created_2_2_,
            user0_.created_time as created_3_2_,
            user0_.department as departme4_2_,
            user0_.email as email5_2_,
            user0_.emergency_contact as emergenc6_2_,
            user0_.emergency_phone as emergenc7_2_,
            user0_.employee_id as employee8_2_,
            user0_.hire_date as hire_dat9_2_,
            user0_.is_online as is_onli10_2_,
            user0_.last_login_time as last_lo11_2_,
            user0_.manager as manager12_2_,
            user0_.notes as notes13_2_,
            user0_.password as passwor14_2_,
            user0_.phone as phone15_2_,
            user0_.position as positio16_2_,
            user0_.status as status17_2_,
            user0_.updated_by as updated18_2_,
            user0_.updated_time as updated19_2_,
            user0_.user_name as user_na20_2_,
            user0_.user_type as user_ty21_2_,
            user0_.work_location as work_lo22_2_ 
        from
            t_poc_users user0_ 
        where
            user0_.employee_id=?
2025-07-01 02:03:20 [main] TRACE o.h.type.descriptor.sql.BasicBinder - binding parameter [1] as [VARCHAR] - [EMP012]
2025-07-01 02:03:20 [main] DEBUG org.hibernate.SQL - 
    /* insert demo.backed.entity.User
        */ insert 
        into
            t_poc_users
            (created_by, created_time, department, email, emergency_contact, emergency_phone, employee_id, hire_date, is_online, last_login_time, manager, notes, password, phone, position, status, updated_by, updated_time, user_name, user_type, work_location) 
        values
            (?, ?, ?, ?, ?, ?, ?, ?, ?, ?, ?, ?, ?, ?, ?, ?, ?, ?, ?, ?, ?)
2025-07-01 02:03:20 [main] TRACE o.h.type.descriptor.sql.BasicBinder - binding parameter [1] as [VARCHAR] - [system]
2025-07-01 02:03:20 [main] TRACE o.h.type.descriptor.sql.BasicBinder - binding parameter [2] as [TIMESTAMP] - [2025-07-01T02:03:20.208]
2025-07-01 02:03:20 [main] TRACE o.h.type.descriptor.sql.BasicBinder - binding parameter [3] as [VARCHAR] - [风控部]
2025-07-01 02:03:20 [main] TRACE o.h.type.descriptor.sql.BasicBinder - binding parameter [4] as [VARCHAR] - [xueer@hkex.com]
2025-07-01 02:03:20 [main] TRACE o.h.type.descriptor.sql.BasicBinder - binding parameter [5] as [VARCHAR] - [紧急联系人-薛二]
2025-07-01 02:03:20 [main] TRACE o.h.type.descriptor.sql.BasicBinder - binding parameter [6] as [VARCHAR] - [139012002]
2025-07-01 02:03:20 [main] TRACE o.h.type.descriptor.sql.BasicBinder - binding parameter [7] as [VARCHAR] - [EMP012]
2025-07-01 02:03:20 [main] TRACE o.h.type.descriptor.sql.BasicBinder - binding parameter [8] as [TIMESTAMP] - [2023-10-29T02:03:20.208]
2025-07-01 02:03:20 [main] TRACE o.h.type.descriptor.sql.BasicBinder - binding parameter [9] as [BOOLEAN] - [false]
2025-07-01 02:03:20 [main] TRACE o.h.type.descriptor.sql.BasicBinder - binding parameter [10] as [TIMESTAMP] - [null]
2025-07-01 02:03:20 [main] TRACE o.h.type.descriptor.sql.BasicBinder - binding parameter [11] as [VARCHAR] - [黄一]
2025-07-01 02:03:20 [main] TRACE o.h.type.descriptor.sql.BasicBinder - binding parameter [12] as [VARCHAR] - [风控部门风险控制人员]
2025-07-01 02:03:20 [main] TRACE o.h.type.descriptor.sql.BasicBinder - binding parameter [13] as [VARCHAR] - [$2a$10$R/hfsRJAmrrgP0a1umYcme3v.9doIza7G09sdq0Y1WT8fE9l8oNeW]
2025-07-01 02:03:20 [main] TRACE o.h.type.descriptor.sql.BasicBinder - binding parameter [14] as [VARCHAR] - [138012002]
2025-07-01 02:03:20 [main] TRACE o.h.type.descriptor.sql.BasicBinder - binding parameter [15] as [VARCHAR] - [风控专员]
2025-07-01 02:03:20 [main] TRACE o.h.type.descriptor.sql.BasicBinder - binding parameter [16] as [VARCHAR] - [在职]
2025-07-01 02:03:20 [main] TRACE o.h.type.descriptor.sql.BasicBinder - binding parameter [17] as [VARCHAR] - [system]
2025-07-01 02:03:20 [main] TRACE o.h.type.descriptor.sql.BasicBinder - binding parameter [18] as [TIMESTAMP] - [2025-07-01T02:03:20.208]
2025-07-01 02:03:20 [main] TRACE o.h.type.descriptor.sql.BasicBinder - binding parameter [19] as [VARCHAR] - [薛二]
2025-07-01 02:03:20 [main] TRACE o.h.type.descriptor.sql.BasicBinder - binding parameter [20] as [VARCHAR] - [员工]
2025-07-01 02:03:20 [main] TRACE o.h.type.descriptor.sql.BasicBinder - binding parameter [21] as [VARCHAR] - [香港中环]
2025-07-01 02:03:20 [main] DEBUG org.hibernate.SQL - 
    /* select
        generatedAlias0 
    from
        User as generatedAlias0 
    where
        generatedAlias0.email=:param0 */ select
            user0_.id as id1_2_,
            user0_.created_by as created_2_2_,
            user0_.created_time as created_3_2_,
            user0_.department as departme4_2_,
            user0_.email as email5_2_,
            user0_.emergency_contact as emergenc6_2_,
            user0_.emergency_phone as emergenc7_2_,
            user0_.employee_id as employee8_2_,
            user0_.hire_date as hire_dat9_2_,
            user0_.is_online as is_onli10_2_,
            user0_.last_login_time as last_lo11_2_,
            user0_.manager as manager12_2_,
            user0_.notes as notes13_2_,
            user0_.password as passwor14_2_,
            user0_.phone as phone15_2_,
            user0_.position as positio16_2_,
            user0_.status as status17_2_,
            user0_.updated_by as updated18_2_,
            user0_.updated_time as updated19_2_,
            user0_.user_name as user_na20_2_,
            user0_.user_type as user_ty21_2_,
            user0_.work_location as work_lo22_2_ 
        from
            t_poc_users user0_ 
        where
            user0_.email=?
2025-07-01 02:03:20 [main] TRACE o.h.type.descriptor.sql.BasicBinder - binding parameter [1] as [VARCHAR] - [yansan@hkex.com]
2025-07-01 02:03:20 [main] DEBUG org.hibernate.SQL - 
    /* select
        generatedAlias0 
    from
        User as generatedAlias0 
    where
        generatedAlias0.employeeId=:param0 */ select
            user0_.id as id1_2_,
            user0_.created_by as created_2_2_,
            user0_.created_time as created_3_2_,
            user0_.department as departme4_2_,
            user0_.email as email5_2_,
            user0_.emergency_contact as emergenc6_2_,
            user0_.emergency_phone as emergenc7_2_,
            user0_.employee_id as employee8_2_,
            user0_.hire_date as hire_dat9_2_,
            user0_.is_online as is_onli10_2_,
            user0_.last_login_time as last_lo11_2_,
            user0_.manager as manager12_2_,
            user0_.notes as notes13_2_,
            user0_.password as passwor14_2_,
            user0_.phone as phone15_2_,
            user0_.position as positio16_2_,
            user0_.status as status17_2_,
            user0_.updated_by as updated18_2_,
            user0_.updated_time as updated19_2_,
            user0_.user_name as user_na20_2_,
            user0_.user_type as user_ty21_2_,
            user0_.work_location as work_lo22_2_ 
        from
            t_poc_users user0_ 
        where
            user0_.employee_id=?
2025-07-01 02:03:20 [main] TRACE o.h.type.descriptor.sql.BasicBinder - binding parameter [1] as [VARCHAR] - [EMP013]
2025-07-01 02:03:20 [main] DEBUG org.hibernate.SQL - 
    /* insert demo.backed.entity.User
        */ insert 
        into
            t_poc_users
            (created_by, created_time, department, email, emergency_contact, emergency_phone, employee_id, hire_date, is_online, last_login_time, manager, notes, password, phone, position, status, updated_by, updated_time, user_name, user_type, work_location) 
        values
            (?, ?, ?, ?, ?, ?, ?, ?, ?, ?, ?, ?, ?, ?, ?, ?, ?, ?, ?, ?, ?)
2025-07-01 02:03:20 [main] TRACE o.h.type.descriptor.sql.BasicBinder - binding parameter [1] as [VARCHAR] - [system]
2025-07-01 02:03:20 [main] TRACE o.h.type.descriptor.sql.BasicBinder - binding parameter [2] as [TIMESTAMP] - [2025-07-01T02:03:20.375]
2025-07-01 02:03:20 [main] TRACE o.h.type.descriptor.sql.BasicBinder - binding parameter [3] as [VARCHAR] - [合规部]
2025-07-01 02:03:20 [main] TRACE o.h.type.descriptor.sql.BasicBinder - binding parameter [4] as [VARCHAR] - [yansan@hkex.com]
2025-07-01 02:03:20 [main] TRACE o.h.type.descriptor.sql.BasicBinder - binding parameter [5] as [VARCHAR] - [紧急联系人-严三]
2025-07-01 02:03:20 [main] TRACE o.h.type.descriptor.sql.BasicBinder - binding parameter [6] as [VARCHAR] - [139013003]
2025-07-01 02:03:20 [main] TRACE o.h.type.descriptor.sql.BasicBinder - binding parameter [7] as [VARCHAR] - [EMP013]
2025-07-01 02:03:20 [main] TRACE o.h.type.descriptor.sql.BasicBinder - binding parameter [8] as [TIMESTAMP] - [2023-11-08T02:03:20.374]
2025-07-01 02:03:20 [main] TRACE o.h.type.descriptor.sql.BasicBinder - binding parameter [9] as [BOOLEAN] - [false]
2025-07-01 02:03:20 [main] TRACE o.h.type.descriptor.sql.BasicBinder - binding parameter [10] as [TIMESTAMP] - [null]
2025-07-01 02:03:20 [main] TRACE o.h.type.descriptor.sql.BasicBinder - binding parameter [11] as [VARCHAR] - [CCO]
2025-07-01 02:03:20 [main] TRACE o.h.type.descriptor.sql.BasicBinder - binding parameter [12] as [VARCHAR] - [合规部门负责人]
2025-07-01 02:03:20 [main] TRACE o.h.type.descriptor.sql.BasicBinder - binding parameter [13] as [VARCHAR] - [$2a$10$zXQpYfdaj.zjuSLVd/owY.xZ/Ms3SKwr1hnHE1ZLiiXj0keGuFA2u]
2025-07-01 02:03:20 [main] TRACE o.h.type.descriptor.sql.BasicBinder - binding parameter [14] as [VARCHAR] - [138013003]
2025-07-01 02:03:20 [main] TRACE o.h.type.descriptor.sql.BasicBinder - binding parameter [15] as [VARCHAR] - [合规总监]
2025-07-01 02:03:20 [main] TRACE o.h.type.descriptor.sql.BasicBinder - binding parameter [16] as [VARCHAR] - [在职]
2025-07-01 02:03:20 [main] TRACE o.h.type.descriptor.sql.BasicBinder - binding parameter [17] as [VARCHAR] - [system]
2025-07-01 02:03:20 [main] TRACE o.h.type.descriptor.sql.BasicBinder - binding parameter [18] as [TIMESTAMP] - [2025-07-01T02:03:20.375]
2025-07-01 02:03:20 [main] TRACE o.h.type.descriptor.sql.BasicBinder - binding parameter [19] as [VARCHAR] - [严三]
2025-07-01 02:03:20 [main] TRACE o.h.type.descriptor.sql.BasicBinder - binding parameter [20] as [VARCHAR] - [主管]
2025-07-01 02:03:20 [main] TRACE o.h.type.descriptor.sql.BasicBinder - binding parameter [21] as [VARCHAR] - [香港中环]
2025-07-01 02:03:20 [main] DEBUG org.hibernate.SQL - 
    /* select
        generatedAlias0 
    from
        User as generatedAlias0 
    where
        generatedAlias0.email=:param0 */ select
            user0_.id as id1_2_,
            user0_.created_by as created_2_2_,
            user0_.created_time as created_3_2_,
            user0_.department as departme4_2_,
            user0_.email as email5_2_,
            user0_.emergency_contact as emergenc6_2_,
            user0_.emergency_phone as emergenc7_2_,
            user0_.employee_id as employee8_2_,
            user0_.hire_date as hire_dat9_2_,
            user0_.is_online as is_onli10_2_,
            user0_.last_login_time as last_lo11_2_,
            user0_.manager as manager12_2_,
            user0_.notes as notes13_2_,
            user0_.password as passwor14_2_,
            user0_.phone as phone15_2_,
            user0_.position as positio16_2_,
            user0_.status as status17_2_,
            user0_.updated_by as updated18_2_,
            user0_.updated_time as updated19_2_,
            user0_.user_name as user_na20_2_,
            user0_.user_type as user_ty21_2_,
            user0_.work_location as work_lo22_2_ 
        from
            t_poc_users user0_ 
        where
            user0_.email=?
2025-07-01 02:03:20 [main] TRACE o.h.type.descriptor.sql.BasicBinder - binding parameter [1] as [VARCHAR] - [caosi@hkex.com]
2025-07-01 02:03:20 [main] DEBUG org.hibernate.SQL - 
    /* select
        generatedAlias0 
    from
        User as generatedAlias0 
    where
        generatedAlias0.employeeId=:param0 */ select
            user0_.id as id1_2_,
            user0_.created_by as created_2_2_,
            user0_.created_time as created_3_2_,
            user0_.department as departme4_2_,
            user0_.email as email5_2_,
            user0_.emergency_contact as emergenc6_2_,
            user0_.emergency_phone as emergenc7_2_,
            user0_.employee_id as employee8_2_,
            user0_.hire_date as hire_dat9_2_,
            user0_.is_online as is_onli10_2_,
            user0_.last_login_time as last_lo11_2_,
            user0_.manager as manager12_2_,
            user0_.notes as notes13_2_,
            user0_.password as passwor14_2_,
            user0_.phone as phone15_2_,
            user0_.position as positio16_2_,
            user0_.status as status17_2_,
            user0_.updated_by as updated18_2_,
            user0_.updated_time as updated19_2_,
            user0_.user_name as user_na20_2_,
            user0_.user_type as user_ty21_2_,
            user0_.work_location as work_lo22_2_ 
        from
            t_poc_users user0_ 
        where
            user0_.employee_id=?
2025-07-01 02:03:20 [main] TRACE o.h.type.descriptor.sql.BasicBinder - binding parameter [1] as [VARCHAR] - [EMP014]
2025-07-01 02:03:20 [main] DEBUG org.hibernate.SQL - 
    /* insert demo.backed.entity.User
        */ insert 
        into
            t_poc_users
            (created_by, created_time, department, email, emergency_contact, emergency_phone, employee_id, hire_date, is_online, last_login_time, manager, notes, password, phone, position, status, updated_by, updated_time, user_name, user_type, work_location) 
        values
            (?, ?, ?, ?, ?, ?, ?, ?, ?, ?, ?, ?, ?, ?, ?, ?, ?, ?, ?, ?, ?)
2025-07-01 02:03:20 [main] TRACE o.h.type.descriptor.sql.BasicBinder - binding parameter [1] as [VARCHAR] - [system]
2025-07-01 02:03:20 [main] TRACE o.h.type.descriptor.sql.BasicBinder - binding parameter [2] as [TIMESTAMP] - [2025-07-01T02:03:20.540]
2025-07-01 02:03:20 [main] TRACE o.h.type.descriptor.sql.BasicBinder - binding parameter [3] as [VARCHAR] - [合规部]
2025-07-01 02:03:20 [main] TRACE o.h.type.descriptor.sql.BasicBinder - binding parameter [4] as [VARCHAR] - [caosi@hkex.com]
2025-07-01 02:03:20 [main] TRACE o.h.type.descriptor.sql.BasicBinder - binding parameter [5] as [VARCHAR] - [紧急联系人-曹四]
2025-07-01 02:03:20 [main] TRACE o.h.type.descriptor.sql.BasicBinder - binding parameter [6] as [VARCHAR] - [139014004]
2025-07-01 02:03:20 [main] TRACE o.h.type.descriptor.sql.BasicBinder - binding parameter [7] as [VARCHAR] - [EMP014]
2025-07-01 02:03:20 [main] TRACE o.h.type.descriptor.sql.BasicBinder - binding parameter [8] as [TIMESTAMP] - [2023-11-18T02:03:20.539]
2025-07-01 02:03:20 [main] TRACE o.h.type.descriptor.sql.BasicBinder - binding parameter [9] as [BOOLEAN] - [false]
2025-07-01 02:03:20 [main] TRACE o.h.type.descriptor.sql.BasicBinder - binding parameter [10] as [TIMESTAMP] - [null]
2025-07-01 02:03:20 [main] TRACE o.h.type.descriptor.sql.BasicBinder - binding parameter [11] as [VARCHAR] - [严三]
2025-07-01 02:03:20 [main] TRACE o.h.type.descriptor.sql.BasicBinder - binding parameter [12] as [VARCHAR] - [合规部门合规检查人员]
2025-07-01 02:03:20 [main] TRACE o.h.type.descriptor.sql.BasicBinder - binding parameter [13] as [VARCHAR] - [$2a$10$VRo86.m/Bd7adW/FVpN/ieP8c1x39zuZ3XR40pFHuxeZ0CAseTlyS]
2025-07-01 02:03:20 [main] TRACE o.h.type.descriptor.sql.BasicBinder - binding parameter [14] as [VARCHAR] - [138014004]
2025-07-01 02:03:20 [main] TRACE o.h.type.descriptor.sql.BasicBinder - binding parameter [15] as [VARCHAR] - [合规专员]
2025-07-01 02:03:20 [main] TRACE o.h.type.descriptor.sql.BasicBinder - binding parameter [16] as [VARCHAR] - [在职]
2025-07-01 02:03:20 [main] TRACE o.h.type.descriptor.sql.BasicBinder - binding parameter [17] as [VARCHAR] - [system]
2025-07-01 02:03:20 [main] TRACE o.h.type.descriptor.sql.BasicBinder - binding parameter [18] as [TIMESTAMP] - [2025-07-01T02:03:20.540]
2025-07-01 02:03:20 [main] TRACE o.h.type.descriptor.sql.BasicBinder - binding parameter [19] as [VARCHAR] - [曹四]
2025-07-01 02:03:20 [main] TRACE o.h.type.descriptor.sql.BasicBinder - binding parameter [20] as [VARCHAR] - [员工]
2025-07-01 02:03:20 [main] TRACE o.h.type.descriptor.sql.BasicBinder - binding parameter [21] as [VARCHAR] - [香港中环]
2025-07-01 02:03:20 [main] DEBUG org.hibernate.SQL - 
    /* select
        generatedAlias0 
    from
        User as generatedAlias0 
    where
        generatedAlias0.email=:param0 */ select
            user0_.id as id1_2_,
            user0_.created_by as created_2_2_,
            user0_.created_time as created_3_2_,
            user0_.department as departme4_2_,
            user0_.email as email5_2_,
            user0_.emergency_contact as emergenc6_2_,
            user0_.emergency_phone as emergenc7_2_,
            user0_.employee_id as employee8_2_,
            user0_.hire_date as hire_dat9_2_,
            user0_.is_online as is_onli10_2_,
            user0_.last_login_time as last_lo11_2_,
            user0_.manager as manager12_2_,
            user0_.notes as notes13_2_,
            user0_.password as passwor14_2_,
            user0_.phone as phone15_2_,
            user0_.position as positio16_2_,
            user0_.status as status17_2_,
            user0_.updated_by as updated18_2_,
            user0_.updated_time as updated19_2_,
            user0_.user_name as user_na20_2_,
            user0_.user_type as user_ty21_2_,
            user0_.work_location as work_lo22_2_ 
        from
            t_poc_users user0_ 
        where
            user0_.email=?
2025-07-01 02:03:20 [main] TRACE o.h.type.descriptor.sql.BasicBinder - binding parameter [1] as [VARCHAR] - [lisi@hkex.com]
2025-07-01 02:03:20 [main] DEBUG org.hibernate.SQL - 
    /* select
        generatedAlias0 
    from
        User as generatedAlias0 
    where
        generatedAlias0.employeeId=:param0 */ select
            user0_.id as id1_2_,
            user0_.created_by as created_2_2_,
            user0_.created_time as created_3_2_,
            user0_.department as departme4_2_,
            user0_.email as email5_2_,
            user0_.emergency_contact as emergenc6_2_,
            user0_.emergency_phone as emergenc7_2_,
            user0_.employee_id as employee8_2_,
            user0_.hire_date as hire_dat9_2_,
            user0_.is_online as is_onli10_2_,
            user0_.last_login_time as last_lo11_2_,
            user0_.manager as manager12_2_,
            user0_.notes as notes13_2_,
            user0_.password as passwor14_2_,
            user0_.phone as phone15_2_,
            user0_.position as positio16_2_,
            user0_.status as status17_2_,
            user0_.updated_by as updated18_2_,
            user0_.updated_time as updated19_2_,
            user0_.user_name as user_na20_2_,
            user0_.user_type as user_ty21_2_,
            user0_.work_location as work_lo22_2_ 
        from
            t_poc_users user0_ 
        where
            user0_.employee_id=?
2025-07-01 02:03:20 [main] TRACE o.h.type.descriptor.sql.BasicBinder - binding parameter [1] as [VARCHAR] - [EMP015]
2025-07-01 02:03:20 [main] DEBUG org.hibernate.SQL - 
    /* insert demo.backed.entity.User
        */ insert 
        into
            t_poc_users
            (created_by, created_time, department, email, emergency_contact, emergency_phone, employee_id, hire_date, is_online, last_login_time, manager, notes, password, phone, position, status, updated_by, updated_time, user_name, user_type, work_location) 
        values
            (?, ?, ?, ?, ?, ?, ?, ?, ?, ?, ?, ?, ?, ?, ?, ?, ?, ?, ?, ?, ?)
2025-07-01 02:03:20 [main] TRACE o.h.type.descriptor.sql.BasicBinder - binding parameter [1] as [VARCHAR] - [system]
2025-07-01 02:03:20 [main] TRACE o.h.type.descriptor.sql.BasicBinder - binding parameter [2] as [TIMESTAMP] - [2025-07-01T02:03:20.705]
2025-07-01 02:03:20 [main] TRACE o.h.type.descriptor.sql.BasicBinder - binding parameter [3] as [VARCHAR] - [人力资源部]
2025-07-01 02:03:20 [main] TRACE o.h.type.descriptor.sql.BasicBinder - binding parameter [4] as [VARCHAR] - [lisi@hkex.com]
2025-07-01 02:03:20 [main] TRACE o.h.type.descriptor.sql.BasicBinder - binding parameter [5] as [VARCHAR] - [紧急联系人-李四]
2025-07-01 02:03:20 [main] TRACE o.h.type.descriptor.sql.BasicBinder - binding parameter [6] as [VARCHAR] - [139015005]
2025-07-01 02:03:20 [main] TRACE o.h.type.descriptor.sql.BasicBinder - binding parameter [7] as [VARCHAR] - [EMP015]
2025-07-01 02:03:20 [main] TRACE o.h.type.descriptor.sql.BasicBinder - binding parameter [8] as [TIMESTAMP] - [2023-11-28T02:03:20.705]
2025-07-01 02:03:20 [main] TRACE o.h.type.descriptor.sql.BasicBinder - binding parameter [9] as [BOOLEAN] - [false]
2025-07-01 02:03:20 [main] TRACE o.h.type.descriptor.sql.BasicBinder - binding parameter [10] as [TIMESTAMP] - [null]
2025-07-01 02:03:20 [main] TRACE o.h.type.descriptor.sql.BasicBinder - binding parameter [11] as [VARCHAR] - [孙七]
2025-07-01 02:03:20 [main] TRACE o.h.type.descriptor.sql.BasicBinder - binding parameter [12] as [VARCHAR] - [已离职员工账户（测试用）]
2025-07-01 02:03:20 [main] TRACE o.h.type.descriptor.sql.BasicBinder - binding parameter [13] as [VARCHAR] - [$2a$10$mt27GcKzWwhmCleI6v3w.u6ZGh.c7NbTErlNNZ8bBZ7JZcqHsizkq]
2025-07-01 02:03:20 [main] TRACE o.h.type.descriptor.sql.BasicBinder - binding parameter [14] as [VARCHAR] - [138015005]
2025-07-01 02:03:20 [main] TRACE o.h.type.descriptor.sql.BasicBinder - binding parameter [15] as [VARCHAR] - [HR专员]
2025-07-01 02:03:20 [main] TRACE o.h.type.descriptor.sql.BasicBinder - binding parameter [16] as [VARCHAR] - [离职]
2025-07-01 02:03:20 [main] TRACE o.h.type.descriptor.sql.BasicBinder - binding parameter [17] as [VARCHAR] - [system]
2025-07-01 02:03:20 [main] TRACE o.h.type.descriptor.sql.BasicBinder - binding parameter [18] as [TIMESTAMP] - [2025-07-01T02:03:20.705]
2025-07-01 02:03:20 [main] TRACE o.h.type.descriptor.sql.BasicBinder - binding parameter [19] as [VARCHAR] - [李四]
2025-07-01 02:03:20 [main] TRACE o.h.type.descriptor.sql.BasicBinder - binding parameter [20] as [VARCHAR] - [员工]
2025-07-01 02:03:20 [main] TRACE o.h.type.descriptor.sql.BasicBinder - binding parameter [21] as [VARCHAR] - [香港中环]
2025-07-01 02:03:20 [main] DEBUG org.hibernate.SQL - 
    /* select
        generatedAlias0 
    from
        User as generatedAlias0 
    where
        generatedAlias0.email=:param0 */ select
            user0_.id as id1_2_,
            user0_.created_by as created_2_2_,
            user0_.created_time as created_3_2_,
            user0_.department as departme4_2_,
            user0_.email as email5_2_,
            user0_.emergency_contact as emergenc6_2_,
            user0_.emergency_phone as emergenc7_2_,
            user0_.employee_id as employee8_2_,
            user0_.hire_date as hire_dat9_2_,
            user0_.is_online as is_onli10_2_,
            user0_.last_login_time as last_lo11_2_,
            user0_.manager as manager12_2_,
            user0_.notes as notes13_2_,
            user0_.password as passwor14_2_,
            user0_.phone as phone15_2_,
            user0_.position as positio16_2_,
            user0_.status as status17_2_,
            user0_.updated_by as updated18_2_,
            user0_.updated_time as updated19_2_,
            user0_.user_name as user_na20_2_,
            user0_.user_type as user_ty21_2_,
            user0_.work_location as work_lo22_2_ 
        from
            t_poc_users user0_ 
        where
            user0_.email=?
2025-07-01 02:03:20 [main] TRACE o.h.type.descriptor.sql.BasicBinder - binding parameter [1] as [VARCHAR] - [zhaowu@hkex.com]
2025-07-01 02:03:20 [main] DEBUG org.hibernate.SQL - 
    /* select
        generatedAlias0 
    from
        User as generatedAlias0 
    where
        generatedAlias0.employeeId=:param0 */ select
            user0_.id as id1_2_,
            user0_.created_by as created_2_2_,
            user0_.created_time as created_3_2_,
            user0_.department as departme4_2_,
            user0_.email as email5_2_,
            user0_.emergency_contact as emergenc6_2_,
            user0_.emergency_phone as emergenc7_2_,
            user0_.employee_id as employee8_2_,
            user0_.hire_date as hire_dat9_2_,
            user0_.is_online as is_onli10_2_,
            user0_.last_login_time as last_lo11_2_,
            user0_.manager as manager12_2_,
            user0_.notes as notes13_2_,
            user0_.password as passwor14_2_,
            user0_.phone as phone15_2_,
            user0_.position as positio16_2_,
            user0_.status as status17_2_,
            user0_.updated_by as updated18_2_,
            user0_.updated_time as updated19_2_,
            user0_.user_name as user_na20_2_,
            user0_.user_type as user_ty21_2_,
            user0_.work_location as work_lo22_2_ 
        from
            t_poc_users user0_ 
        where
            user0_.employee_id=?
2025-07-01 02:03:20 [main] TRACE o.h.type.descriptor.sql.BasicBinder - binding parameter [1] as [VARCHAR] - [EMP016]
2025-07-01 02:03:20 [main] DEBUG org.hibernate.SQL - 
    /* insert demo.backed.entity.User
        */ insert 
        into
            t_poc_users
            (created_by, created_time, department, email, emergency_contact, emergency_phone, employee_id, hire_date, is_online, last_login_time, manager, notes, password, phone, position, status, updated_by, updated_time, user_name, user_type, work_location) 
        values
            (?, ?, ?, ?, ?, ?, ?, ?, ?, ?, ?, ?, ?, ?, ?, ?, ?, ?, ?, ?, ?)
2025-07-01 02:03:20 [main] TRACE o.h.type.descriptor.sql.BasicBinder - binding parameter [1] as [VARCHAR] - [system]
2025-07-01 02:03:20 [main] TRACE o.h.type.descriptor.sql.BasicBinder - binding parameter [2] as [TIMESTAMP] - [2025-07-01T02:03:20.873]
2025-07-01 02:03:20 [main] TRACE o.h.type.descriptor.sql.BasicBinder - binding parameter [3] as [VARCHAR] - [财务部]
2025-07-01 02:03:20 [main] TRACE o.h.type.descriptor.sql.BasicBinder - binding parameter [4] as [VARCHAR] - [zhaowu@hkex.com]
2025-07-01 02:03:20 [main] TRACE o.h.type.descriptor.sql.BasicBinder - binding parameter [5] as [VARCHAR] - [紧急联系人-赵五]
2025-07-01 02:03:20 [main] TRACE o.h.type.descriptor.sql.BasicBinder - binding parameter [6] as [VARCHAR] - [139016006]
2025-07-01 02:03:20 [main] TRACE o.h.type.descriptor.sql.BasicBinder - binding parameter [7] as [VARCHAR] - [EMP016]
2025-07-01 02:03:20 [main] TRACE o.h.type.descriptor.sql.BasicBinder - binding parameter [8] as [TIMESTAMP] - [2023-12-08T02:03:20.872]
2025-07-01 02:03:20 [main] TRACE o.h.type.descriptor.sql.BasicBinder - binding parameter [9] as [BOOLEAN] - [false]
2025-07-01 02:03:20 [main] TRACE o.h.type.descriptor.sql.BasicBinder - binding parameter [10] as [TIMESTAMP] - [null]
2025-07-01 02:03:20 [main] TRACE o.h.type.descriptor.sql.BasicBinder - binding parameter [11] as [VARCHAR] - [张三]
2025-07-01 02:03:20 [main] TRACE o.h.type.descriptor.sql.BasicBinder - binding parameter [12] as [VARCHAR] - [休假员工账户（测试用）]
2025-07-01 02:03:20 [main] TRACE o.h.type.descriptor.sql.BasicBinder - binding parameter [13] as [VARCHAR] - [$2a$10$8alAjwp8qt1JMghsRTnale2vAlm/FYeOj1R8m84DZD3eFIRG5/3iS]
2025-07-01 02:03:20 [main] TRACE o.h.type.descriptor.sql.BasicBinder - binding parameter [14] as [VARCHAR] - [138016006]
2025-07-01 02:03:20 [main] TRACE o.h.type.descriptor.sql.BasicBinder - binding parameter [15] as [VARCHAR] - [会计助理]
2025-07-01 02:03:20 [main] TRACE o.h.type.descriptor.sql.BasicBinder - binding parameter [16] as [VARCHAR] - [休假]
2025-07-01 02:03:20 [main] TRACE o.h.type.descriptor.sql.BasicBinder - binding parameter [17] as [VARCHAR] - [system]
2025-07-01 02:03:20 [main] TRACE o.h.type.descriptor.sql.BasicBinder - binding parameter [18] as [TIMESTAMP] - [2025-07-01T02:03:20.873]
2025-07-01 02:03:20 [main] TRACE o.h.type.descriptor.sql.BasicBinder - binding parameter [19] as [VARCHAR] - [赵五]
2025-07-01 02:03:20 [main] TRACE o.h.type.descriptor.sql.BasicBinder - binding parameter [20] as [VARCHAR] - [员工]
2025-07-01 02:03:20 [main] TRACE o.h.type.descriptor.sql.BasicBinder - binding parameter [21] as [VARCHAR] - [香港中环]
2025-07-01 02:03:20 [main] DEBUG org.hibernate.SQL - 
    /* select
        count(*) 
    from
        User x */ select
            count(*) as col_0_0_ 
        from
            t_poc_users user0_
2025-07-01 02:03:20 [main] DEBUG org.hibernate.SQL - 
    /* select
        generatedAlias0 
    from
        User as generatedAlias0 
    where
        generatedAlias0.email=:param0 */ select
            user0_.id as id1_2_,
            user0_.created_by as created_2_2_,
            user0_.created_time as created_3_2_,
            user0_.department as departme4_2_,
            user0_.email as email5_2_,
            user0_.emergency_contact as emergenc6_2_,
            user0_.emergency_phone as emergenc7_2_,
            user0_.employee_id as employee8_2_,
            user0_.hire_date as hire_dat9_2_,
            user0_.is_online as is_onli10_2_,
            user0_.last_login_time as last_lo11_2_,
            user0_.manager as manager12_2_,
            user0_.notes as notes13_2_,
            user0_.password as passwor14_2_,
            user0_.phone as phone15_2_,
            user0_.position as positio16_2_,
            user0_.status as status17_2_,
            user0_.updated_by as updated18_2_,
            user0_.updated_time as updated19_2_,
            user0_.user_name as user_na20_2_,
            user0_.user_type as user_ty21_2_,
            user0_.work_location as work_lo22_2_ 
        from
            t_poc_users user0_ 
        where
            user0_.email=?
2025-07-01 02:03:20 [main] TRACE o.h.type.descriptor.sql.BasicBinder - binding parameter [1] as [VARCHAR] - [admin@hkex.com]
2025-07-01 02:03:20 [main] DEBUG org.hibernate.SQL - 
    /* select
        generatedAlias0 
    from
        User as generatedAlias0 
    where
        generatedAlias0.email=:param0 */ select
            user0_.id as id1_2_,
            user0_.created_by as created_2_2_,
            user0_.created_time as created_3_2_,
            user0_.department as departme4_2_,
            user0_.email as email5_2_,
            user0_.emergency_contact as emergenc6_2_,
            user0_.emergency_phone as emergenc7_2_,
            user0_.employee_id as employee8_2_,
            user0_.hire_date as hire_dat9_2_,
            user0_.is_online as is_onli10_2_,
            user0_.last_login_time as last_lo11_2_,
            user0_.manager as manager12_2_,
            user0_.notes as notes13_2_,
            user0_.password as passwor14_2_,
            user0_.phone as phone15_2_,
            user0_.position as positio16_2_,
            user0_.status as status17_2_,
            user0_.updated_by as updated18_2_,
            user0_.updated_time as updated19_2_,
            user0_.user_name as user_na20_2_,
            user0_.user_type as user_ty21_2_,
            user0_.work_location as work_lo22_2_ 
        from
            t_poc_users user0_ 
        where
            user0_.email=?
2025-07-01 02:03:20 [main] TRACE o.h.type.descriptor.sql.BasicBinder - binding parameter [1] as [VARCHAR] - [zhangsan@hkex.com]
2025-07-01 02:03:20 [main] DEBUG org.hibernate.SQL - 
    /* select
        generatedAlias0 
    from
        User as generatedAlias0 
    where
        generatedAlias0.email=:param0 */ select
            user0_.id as id1_2_,
            user0_.created_by as created_2_2_,
            user0_.created_time as created_3_2_,
            user0_.department as departme4_2_,
            user0_.email as email5_2_,
            user0_.emergency_contact as emergenc6_2_,
            user0_.emergency_phone as emergenc7_2_,
            user0_.employee_id as employee8_2_,
            user0_.hire_date as hire_dat9_2_,
            user0_.is_online as is_onli10_2_,
            user0_.last_login_time as last_lo11_2_,
            user0_.manager as manager12_2_,
            user0_.notes as notes13_2_,
            user0_.password as passwor14_2_,
            user0_.phone as phone15_2_,
            user0_.position as positio16_2_,
            user0_.status as status17_2_,
            user0_.updated_by as updated18_2_,
            user0_.updated_time as updated19_2_,
            user0_.user_name as user_na20_2_,
            user0_.user_type as user_ty21_2_,
            user0_.work_location as work_lo22_2_ 
        from
            t_poc_users user0_ 
        where
            user0_.email=?
2025-07-01 02:03:20 [main] TRACE o.h.type.descriptor.sql.BasicBinder - binding parameter [1] as [VARCHAR] - [lisi@hkex.com]
2025-07-01 02:03:20 [main] DEBUG org.hibernate.SQL - 
    /* SELECT
        u.department,
        COUNT(u) 
    FROM
        User u 
    GROUP BY
        u.department 
    ORDER BY
        u.department */ select
            user0_.department as col_0_0_,
            count(user0_.id) as col_1_0_ 
        from
            t_poc_users user0_ 
        group by
            user0_.department 
        order by
            user0_.department
2025-07-01 02:03:26 [http-nio-8080-exec-1] INFO  o.a.c.c.C.[Tomcat].[localhost].[/] - Initializing Spring DispatcherServlet 'dispatcherServlet'
2025-07-01 02:03:26 [http-nio-8080-exec-1] INFO  o.s.web.servlet.DispatcherServlet - Initializing Servlet 'dispatcherServlet'
2025-07-01 02:03:26 [http-nio-8080-exec-1] INFO  o.s.web.servlet.DispatcherServlet - Completed initialization in 1 ms
2025-07-01 02:03:26 [http-nio-8080-exec-1] DEBUG d.b.config.JwtAuthenticationFilter - JWT认证成功，用户: admin@hkex.com, 部门: 信息技术部
2025-07-01 02:03:26 [http-nio-8080-exec-1] DEBUG org.hibernate.SQL - 
    /* select
        generatedAlias0 
    from
        User as generatedAlias0 
    order by
        generatedAlias0.createdTime desc */ select
            user0_.id as id1_2_,
            user0_.created_by as created_2_2_,
            user0_.created_time as created_3_2_,
            user0_.department as departme4_2_,
            user0_.email as email5_2_,
            user0_.emergency_contact as emergenc6_2_,
            user0_.emergency_phone as emergenc7_2_,
            user0_.employee_id as employee8_2_,
            user0_.hire_date as hire_dat9_2_,
            user0_.is_online as is_onli10_2_,
            user0_.last_login_time as last_lo11_2_,
            user0_.manager as manager12_2_,
            user0_.notes as notes13_2_,
            user0_.password as passwor14_2_,
            user0_.phone as phone15_2_,
            user0_.position as positio16_2_,
            user0_.status as status17_2_,
            user0_.updated_by as updated18_2_,
            user0_.updated_time as updated19_2_,
            user0_.user_name as user_na20_2_,
            user0_.user_type as user_ty21_2_,
            user0_.work_location as work_lo22_2_ 
        from
            t_poc_users user0_ 
        order by
            user0_.created_time desc limit ?
2025-07-01 02:03:26 [http-nio-8080-exec-1] DEBUG org.hibernate.SQL - 
    /* insert demo.backed.entity.AuditLog
        */ insert 
        into
            t_poc_audit_logs
            (created_by, created_time, is_deleted, updated_by, updated_time, version, department, description, details, ip_address, log_type, module, module_name, new_value, old_value, operation, operation_name, operation_time, resource_id, resource_type, status, user_id, username) 
        values
            (?, ?, ?, ?, ?, ?, ?, ?, ?, ?, ?, ?, ?, ?, ?, ?, ?, ?, ?, ?, ?, ?, ?)
2025-07-01 02:03:26 [http-nio-8080-exec-1] TRACE o.h.type.descriptor.sql.BasicBinder - binding parameter [1] as [VARCHAR] - [admin@hkex.com]
2025-07-01 02:03:26 [http-nio-8080-exec-1] TRACE o.h.type.descriptor.sql.BasicBinder - binding parameter [2] as [TIMESTAMP] - [2025-07-01T02:03:26.545]
2025-07-01 02:03:26 [http-nio-8080-exec-1] TRACE o.h.type.descriptor.sql.BasicBinder - binding parameter [3] as [BOOLEAN] - [false]
2025-07-01 02:03:26 [http-nio-8080-exec-1] TRACE o.h.type.descriptor.sql.BasicBinder - binding parameter [4] as [VARCHAR] - [admin@hkex.com]
2025-07-01 02:03:26 [http-nio-8080-exec-1] TRACE o.h.type.descriptor.sql.BasicBinder - binding parameter [5] as [TIMESTAMP] - [2025-07-01T02:03:26.545]
2025-07-01 02:03:26 [http-nio-8080-exec-1] TRACE o.h.type.descriptor.sql.BasicBinder - binding parameter [6] as [BIGINT] - [0]
2025-07-01 02:03:26 [http-nio-8080-exec-1] TRACE o.h.type.descriptor.sql.BasicBinder - binding parameter [7] as [VARCHAR] - [null]
2025-07-01 02:03:26 [http-nio-8080-exec-1] TRACE o.h.type.descriptor.sql.BasicBinder - binding parameter [8] as [VARCHAR] - [查询用户列表 - 页码:0, 大小:100, 关键词:, 部门:, 状态:, 类型:]
2025-07-01 02:03:26 [http-nio-8080-exec-1] TRACE o.h.type.descriptor.sql.BasicBinder - binding parameter [9] as [VARCHAR] - [null]
2025-07-01 02:03:26 [http-nio-8080-exec-1] TRACE o.h.type.descriptor.sql.BasicBinder - binding parameter [10] as [VARCHAR] - [39.144.137.72]
2025-07-01 02:03:26 [http-nio-8080-exec-1] TRACE o.h.type.descriptor.sql.BasicBinder - binding parameter [11] as [VARCHAR] - [SYSTEM]
2025-07-01 02:03:26 [http-nio-8080-exec-1] TRACE o.h.type.descriptor.sql.BasicBinder - binding parameter [12] as [VARCHAR] - [USER]
2025-07-01 02:03:26 [http-nio-8080-exec-1] TRACE o.h.type.descriptor.sql.BasicBinder - binding parameter [13] as [VARCHAR] - [用户管理]
2025-07-01 02:03:26 [http-nio-8080-exec-1] TRACE o.h.type.descriptor.sql.BasicBinder - binding parameter [14] as [VARCHAR] - [null]
2025-07-01 02:03:26 [http-nio-8080-exec-1] TRACE o.h.type.descriptor.sql.BasicBinder - binding parameter [15] as [VARCHAR] - [null]
2025-07-01 02:03:26 [http-nio-8080-exec-1] TRACE o.h.type.descriptor.sql.BasicBinder - binding parameter [16] as [VARCHAR] - [QUERY]
2025-07-01 02:03:26 [http-nio-8080-exec-1] TRACE o.h.type.descriptor.sql.BasicBinder - binding parameter [17] as [VARCHAR] - [查询]
2025-07-01 02:03:26 [http-nio-8080-exec-1] TRACE o.h.type.descriptor.sql.BasicBinder - binding parameter [18] as [TIMESTAMP] - [2025-07-01T02:03:26.504]
2025-07-01 02:03:26 [http-nio-8080-exec-1] TRACE o.h.type.descriptor.sql.BasicBinder - binding parameter [19] as [VARCHAR] - [null]
2025-07-01 02:03:26 [http-nio-8080-exec-1] TRACE o.h.type.descriptor.sql.BasicBinder - binding parameter [20] as [VARCHAR] - [null]
2025-07-01 02:03:26 [http-nio-8080-exec-1] TRACE o.h.type.descriptor.sql.BasicBinder - binding parameter [21] as [VARCHAR] - [SUCCESS]
2025-07-01 02:03:26 [http-nio-8080-exec-1] TRACE o.h.type.descriptor.sql.BasicBinder - binding parameter [22] as [BIGINT] - [null]
2025-07-01 02:03:26 [http-nio-8080-exec-1] TRACE o.h.type.descriptor.sql.BasicBinder - binding parameter [23] as [VARCHAR] - [null]
2025-07-01 02:03:33 [http-nio-8080-exec-2] DEBUG d.b.config.JwtAuthenticationFilter - JWT认证成功，用户: admin@hkex.com, 部门: 信息技术部
2025-07-01 02:03:33 [http-nio-8080-exec-2] DEBUG org.hibernate.SQL - 
    /* select
        generatedAlias0 
    from
        User as generatedAlias0 
    order by
        generatedAlias0.createdTime desc */ select
            user0_.id as id1_2_,
            user0_.created_by as created_2_2_,
            user0_.created_time as created_3_2_,
            user0_.department as departme4_2_,
            user0_.email as email5_2_,
            user0_.emergency_contact as emergenc6_2_,
            user0_.emergency_phone as emergenc7_2_,
            user0_.employee_id as employee8_2_,
            user0_.hire_date as hire_dat9_2_,
            user0_.is_online as is_onli10_2_,
            user0_.last_login_time as last_lo11_2_,
            user0_.manager as manager12_2_,
            user0_.notes as notes13_2_,
            user0_.password as passwor14_2_,
            user0_.phone as phone15_2_,
            user0_.position as positio16_2_,
            user0_.status as status17_2_,
            user0_.updated_by as updated18_2_,
            user0_.updated_time as updated19_2_,
            user0_.user_name as user_na20_2_,
            user0_.user_type as user_ty21_2_,
            user0_.work_location as work_lo22_2_ 
        from
            t_poc_users user0_ 
        order by
            user0_.created_time desc limit ?
2025-07-01 02:03:33 [http-nio-8080-exec-2] DEBUG org.hibernate.SQL - 
    /* insert demo.backed.entity.AuditLog
        */ insert 
        into
            t_poc_audit_logs
            (created_by, created_time, is_deleted, updated_by, updated_time, version, department, description, details, ip_address, log_type, module, module_name, new_value, old_value, operation, operation_name, operation_time, resource_id, resource_type, status, user_id, username) 
        values
            (?, ?, ?, ?, ?, ?, ?, ?, ?, ?, ?, ?, ?, ?, ?, ?, ?, ?, ?, ?, ?, ?, ?)
2025-07-01 02:03:33 [http-nio-8080-exec-2] TRACE o.h.type.descriptor.sql.BasicBinder - binding parameter [1] as [VARCHAR] - [admin@hkex.com]
2025-07-01 02:03:33 [http-nio-8080-exec-2] TRACE o.h.type.descriptor.sql.BasicBinder - binding parameter [2] as [TIMESTAMP] - [2025-07-01T02:03:33.682]
2025-07-01 02:03:33 [http-nio-8080-exec-2] TRACE o.h.type.descriptor.sql.BasicBinder - binding parameter [3] as [BOOLEAN] - [false]
2025-07-01 02:03:33 [http-nio-8080-exec-2] TRACE o.h.type.descriptor.sql.BasicBinder - binding parameter [4] as [VARCHAR] - [admin@hkex.com]
2025-07-01 02:03:33 [http-nio-8080-exec-2] TRACE o.h.type.descriptor.sql.BasicBinder - binding parameter [5] as [TIMESTAMP] - [2025-07-01T02:03:33.682]
2025-07-01 02:03:33 [http-nio-8080-exec-2] TRACE o.h.type.descriptor.sql.BasicBinder - binding parameter [6] as [BIGINT] - [0]
2025-07-01 02:03:33 [http-nio-8080-exec-2] TRACE o.h.type.descriptor.sql.BasicBinder - binding parameter [7] as [VARCHAR] - [null]
2025-07-01 02:03:33 [http-nio-8080-exec-2] TRACE o.h.type.descriptor.sql.BasicBinder - binding parameter [8] as [VARCHAR] - [查询用户列表 - 页码:0, 大小:100, 关键词:, 部门:, 状态:, 类型:]
2025-07-01 02:03:33 [http-nio-8080-exec-2] TRACE o.h.type.descriptor.sql.BasicBinder - binding parameter [9] as [VARCHAR] - [null]
2025-07-01 02:03:33 [http-nio-8080-exec-2] TRACE o.h.type.descriptor.sql.BasicBinder - binding parameter [10] as [VARCHAR] - [39.144.137.72]
2025-07-01 02:03:33 [http-nio-8080-exec-2] TRACE o.h.type.descriptor.sql.BasicBinder - binding parameter [11] as [VARCHAR] - [SYSTEM]
2025-07-01 02:03:33 [http-nio-8080-exec-2] TRACE o.h.type.descriptor.sql.BasicBinder - binding parameter [12] as [VARCHAR] - [USER]
2025-07-01 02:03:33 [http-nio-8080-exec-2] TRACE o.h.type.descriptor.sql.BasicBinder - binding parameter [13] as [VARCHAR] - [用户管理]
2025-07-01 02:03:33 [http-nio-8080-exec-2] TRACE o.h.type.descriptor.sql.BasicBinder - binding parameter [14] as [VARCHAR] - [null]
2025-07-01 02:03:33 [http-nio-8080-exec-2] TRACE o.h.type.descriptor.sql.BasicBinder - binding parameter [15] as [VARCHAR] - [null]
2025-07-01 02:03:33 [http-nio-8080-exec-2] TRACE o.h.type.descriptor.sql.BasicBinder - binding parameter [16] as [VARCHAR] - [QUERY]
2025-07-01 02:03:33 [http-nio-8080-exec-2] TRACE o.h.type.descriptor.sql.BasicBinder - binding parameter [17] as [VARCHAR] - [查询]
2025-07-01 02:03:33 [http-nio-8080-exec-2] TRACE o.h.type.descriptor.sql.BasicBinder - binding parameter [18] as [TIMESTAMP] - [2025-07-01T02:03:33.681]
2025-07-01 02:03:33 [http-nio-8080-exec-2] TRACE o.h.type.descriptor.sql.BasicBinder - binding parameter [19] as [VARCHAR] - [null]
2025-07-01 02:03:33 [http-nio-8080-exec-2] TRACE o.h.type.descriptor.sql.BasicBinder - binding parameter [20] as [VARCHAR] - [null]
2025-07-01 02:03:33 [http-nio-8080-exec-2] TRACE o.h.type.descriptor.sql.BasicBinder - binding parameter [21] as [VARCHAR] - [SUCCESS]
2025-07-01 02:03:33 [http-nio-8080-exec-2] TRACE o.h.type.descriptor.sql.BasicBinder - binding parameter [22] as [BIGINT] - [null]
2025-07-01 02:03:33 [http-nio-8080-exec-2] TRACE o.h.type.descriptor.sql.BasicBinder - binding parameter [23] as [VARCHAR] - [null]
2025-07-01 02:03:38 [http-nio-8080-exec-3] DEBUG org.hibernate.SQL - 
    /* select
        generatedAlias0 
    from
        TestEntity as generatedAlias0 */ select
            testentity0_.id as id1_3_,
            testentity0_.created_time as created_2_3_,
            testentity0_.test_message as test_mes3_3_,
            testentity0_.test_name as test_nam4_3_ 
        from
            t_test_connection testentity0_
2025-07-01 02:03:38 [http-nio-8080-exec-3] DEBUG org.hibernate.SQL - 
    /* SELECT
        t 
    FROM
        TestEntity t 
    ORDER BY
        t.createdTime DESC */ select
            testentity0_.id as id1_3_,
            testentity0_.created_time as created_2_3_,
            testentity0_.test_message as test_mes3_3_,
            testentity0_.test_name as test_nam4_3_ 
        from
            t_test_connection testentity0_ 
        order by
            testentity0_.created_time DESC
2025-07-01 02:03:38 [http-nio-8080-exec-3] DEBUG org.hibernate.SQL - 
    /* select
        count(*) 
    from
        TestEntity x */ select
            count(*) as col_0_0_ 
        from
            t_test_connection testentity0_
2025-07-01 02:06:35 [SpringApplicationShutdownHook] INFO  o.s.o.j.LocalContainerEntityManagerFactoryBean - Closing JPA EntityManagerFactory for persistence unit 'default'
2025-07-01 02:06:35 [SpringApplicationShutdownHook] INFO  com.zaxxer.hikari.HikariDataSource - HikariCP - Shutdown initiated...
2025-07-01 02:06:35 [SpringApplicationShutdownHook] INFO  com.zaxxer.hikari.HikariDataSource - HikariCP - Shutdown completed.
2025-07-01 02:06:45 [main] INFO  demo.backed.BackedApplication - Starting BackedApplication v0.0.1-SNAPSHOT using Java 1.8.0_212 on 144c3a865bb5 with PID 1 (/app/target/backed-0.0.1-SNAPSHOT.jar started by root in /app)
2025-07-01 02:06:45 [main] DEBUG demo.backed.BackedApplication - Running with Spring Boot v2.7.18, Spring v5.3.31
2025-07-01 02:06:45 [main] INFO  demo.backed.BackedApplication - The following 1 profile is active: "production"
2025-07-01 02:06:46 [main] INFO  o.s.d.r.c.RepositoryConfigurationDelegate - Bootstrapping Spring Data JPA repositories in DEFAULT mode.
2025-07-01 02:06:46 [main] INFO  o.s.d.r.c.RepositoryConfigurationDelegate - Finished Spring Data repository scanning in 125 ms. Found 4 JPA repository interfaces.
2025-07-01 02:06:48 [main] INFO  o.s.b.w.e.tomcat.TomcatWebServer - Tomcat initialized with port(s): 8080 (http)
2025-07-01 02:06:48 [main] INFO  o.a.catalina.core.StandardService - Starting service [Tomcat]
2025-07-01 02:06:48 [main] INFO  o.a.catalina.core.StandardEngine - Starting Servlet engine: [Apache Tomcat/9.0.83]
2025-07-01 02:06:48 [main] INFO  o.a.c.c.C.[Tomcat].[localhost].[/] - Initializing Spring embedded WebApplicationContext
2025-07-01 02:06:48 [main] INFO  o.s.b.w.s.c.ServletWebServerApplicationContext - Root WebApplicationContext: initialization completed in 3352 ms
2025-07-01 02:06:48 [main] DEBUG d.b.config.JwtAuthenticationFilter - Filter 'jwtAuthenticationFilter' configured for use
2025-07-01 02:06:48 [main] INFO  o.h.jpa.internal.util.LogHelper - HHH000204: Processing PersistenceUnitInfo [name: default]
2025-07-01 02:06:48 [main] INFO  org.hibernate.Version - HHH000412: Hibernate ORM core version 5.6.15.Final
2025-07-01 02:06:49 [main] INFO  o.h.annotations.common.Version - HCANN000001: Hibernate Commons Annotations {5.1.2.Final}
2025-07-01 02:06:49 [main] INFO  com.zaxxer.hikari.HikariDataSource - HikariCP - Starting...
2025-07-01 02:06:49 [main] INFO  com.zaxxer.hikari.HikariDataSource - HikariCP - Start completed.
2025-07-01 02:06:49 [main] INFO  org.hibernate.dialect.Dialect - HHH000400: Using dialect: org.hibernate.dialect.PostgreSQLDialect
2025-07-01 02:06:50 [main] DEBUG org.hibernate.SQL - 
    
    alter table t_poc_users 
       drop constraint idx_employee_id
2025-07-01 02:06:50 [main] DEBUG org.hibernate.SQL - 
    
    alter table t_poc_users 
       add constraint idx_employee_id unique (employee_id)
2025-07-01 02:06:50 [main] DEBUG org.hibernate.SQL - 
    
    alter table t_poc_users 
       drop constraint idx_email
2025-07-01 02:06:50 [main] DEBUG org.hibernate.SQL - 
    
    alter table t_poc_users 
       add constraint idx_email unique (email)
2025-07-01 02:06:50 [main] INFO  o.h.e.t.j.p.i.JtaPlatformInitiator - HHH000490: Using JtaPlatform implementation: [org.hibernate.engine.transaction.jta.platform.internal.NoJtaPlatform]
2025-07-01 02:06:50 [main] INFO  o.s.o.j.LocalContainerEntityManagerFactoryBean - Initialized JPA EntityManagerFactory for persistence unit 'default'
2025-07-01 02:06:52 [main] WARN  o.s.b.a.o.j.JpaBaseConfiguration$JpaWebConfiguration - spring.jpa.open-in-view is enabled by default. Therefore, database queries may be performed during view rendering. Explicitly configure spring.jpa.open-in-view to disable this warning
2025-07-01 02:06:53 [main] INFO  o.s.s.web.DefaultSecurityFilterChain - Will secure any request with [org.springframework.security.web.session.DisableEncodeUrlFilter@514eedd8, org.springframework.security.web.context.request.async.WebAsyncManagerIntegrationFilter@617fe9e1, org.springframework.security.web.context.SecurityContextPersistenceFilter@7e094740, org.springframework.security.web.header.HeaderWriterFilter@2c4ca0f9, org.springframework.web.filter.CorsFilter@6970140a, org.springframework.security.web.authentication.logout.LogoutFilter@61edc883, demo.backed.config.JwtAuthenticationFilter@67f639d3, org.springframework.security.web.savedrequest.RequestCacheAwareFilter@4cc547a, org.springframework.security.web.servletapi.SecurityContextHolderAwareRequestFilter@4152d38d, org.springframework.security.web.authentication.AnonymousAuthenticationFilter@1cf2fed4, org.springframework.security.web.session.SessionManagementFilter@7df587ef, org.springframework.security.web.access.ExceptionTranslationFilter@18cc679e, org.springframework.security.web.access.intercept.FilterSecurityInterceptor@7fb9f71f]
2025-07-01 02:06:54 [main] INFO  o.s.b.w.e.tomcat.TomcatWebServer - Tomcat started on port(s): 8080 (http) with context path ''
2025-07-01 02:06:55 [main] INFO  demo.backed.BackedApplication - Started BackedApplication in 10.8 seconds (JVM running for 11.826)
2025-07-01 02:06:55 [main] DEBUG org.hibernate.SQL - 
    /* select
        count(*) 
    from
        User x */ select
            count(*) as col_0_0_ 
        from
            t_poc_users user0_
2025-07-01 02:06:55 [main] DEBUG org.hibernate.SQL - 
    /* select
        generatedAlias0 
    from
        User as generatedAlias0 */ select
            user0_.id as id1_2_,
            user0_.created_by as created_2_2_,
            user0_.created_time as created_3_2_,
            user0_.department as departme4_2_,
            user0_.email as email5_2_,
            user0_.emergency_contact as emergenc6_2_,
            user0_.emergency_phone as emergenc7_2_,
            user0_.employee_id as employee8_2_,
            user0_.hire_date as hire_dat9_2_,
            user0_.is_online as is_onli10_2_,
            user0_.last_login_time as last_lo11_2_,
            user0_.manager as manager12_2_,
            user0_.notes as notes13_2_,
            user0_.password as passwor14_2_,
            user0_.phone as phone15_2_,
            user0_.position as positio16_2_,
            user0_.status as status17_2_,
            user0_.updated_by as updated18_2_,
            user0_.updated_time as updated19_2_,
            user0_.user_name as user_na20_2_,
            user0_.user_type as user_ty21_2_,
            user0_.work_location as work_lo22_2_ 
        from
            t_poc_users user0_
2025-07-01 02:07:13 [http-nio-8080-exec-1] INFO  o.a.c.c.C.[Tomcat].[localhost].[/] - Initializing Spring DispatcherServlet 'dispatcherServlet'
2025-07-01 02:07:13 [http-nio-8080-exec-1] INFO  o.s.web.servlet.DispatcherServlet - Initializing Servlet 'dispatcherServlet'
2025-07-01 02:07:13 [http-nio-8080-exec-1] INFO  o.s.web.servlet.DispatcherServlet - Completed initialization in 2 ms
2025-07-01 02:28:00 [SpringApplicationShutdownHook] INFO  o.s.o.j.LocalContainerEntityManagerFactoryBean - Closing JPA EntityManagerFactory for persistence unit 'default'
2025-07-01 02:28:00 [SpringApplicationShutdownHook] INFO  com.zaxxer.hikari.HikariDataSource - HikariCP - Shutdown initiated...
2025-07-01 02:28:00 [SpringApplicationShutdownHook] INFO  com.zaxxer.hikari.HikariDataSource - HikariCP - Shutdown completed.
2025-07-01 02:28:05 [main] INFO  demo.backed.BackedApplication - Starting BackedApplication v0.0.1-SNAPSHOT using Java 1.8.0_212 on 144c3a865bb5 with PID 1 (/app/target/backed-0.0.1-SNAPSHOT.jar started by root in /app)
2025-07-01 02:28:05 [main] DEBUG demo.backed.BackedApplication - Running with Spring Boot v2.7.18, Spring v5.3.31
2025-07-01 02:28:05 [main] INFO  demo.backed.BackedApplication - The following 1 profile is active: "production"
2025-07-01 02:28:06 [main] INFO  o.s.d.r.c.RepositoryConfigurationDelegate - Bootstrapping Spring Data JPA repositories in DEFAULT mode.
2025-07-01 02:28:06 [main] INFO  o.s.d.r.c.RepositoryConfigurationDelegate - Finished Spring Data repository scanning in 69 ms. Found 4 JPA repository interfaces.
2025-07-01 02:28:08 [main] INFO  o.s.b.w.e.tomcat.TomcatWebServer - Tomcat initialized with port(s): 8080 (http)
2025-07-01 02:28:08 [main] INFO  o.a.catalina.core.StandardService - Starting service [Tomcat]
2025-07-01 02:28:08 [main] INFO  o.a.catalina.core.StandardEngine - Starting Servlet engine: [Apache Tomcat/9.0.83]
2025-07-01 02:28:08 [main] INFO  o.a.c.c.C.[Tomcat].[localhost].[/] - Initializing Spring embedded WebApplicationContext
2025-07-01 02:28:08 [main] INFO  o.s.b.w.s.c.ServletWebServerApplicationContext - Root WebApplicationContext: initialization completed in 3051 ms
2025-07-01 02:28:08 [main] DEBUG d.b.config.JwtAuthenticationFilter - Filter 'jwtAuthenticationFilter' configured for use
2025-07-01 02:28:08 [main] INFO  o.h.jpa.internal.util.LogHelper - HHH000204: Processing PersistenceUnitInfo [name: default]
2025-07-01 02:28:08 [main] INFO  org.hibernate.Version - HHH000412: Hibernate ORM core version 5.6.15.Final
2025-07-01 02:28:08 [main] INFO  o.h.annotations.common.Version - HCANN000001: Hibernate Commons Annotations {5.1.2.Final}
2025-07-01 02:28:09 [main] INFO  com.zaxxer.hikari.HikariDataSource - HikariCP - Starting...
2025-07-01 02:28:09 [main] INFO  com.zaxxer.hikari.HikariDataSource - HikariCP - Start completed.
2025-07-01 02:28:09 [main] INFO  org.hibernate.dialect.Dialect - HHH000400: Using dialect: org.hibernate.dialect.PostgreSQLDialect
2025-07-01 02:28:10 [main] INFO  o.h.e.t.j.p.i.JtaPlatformInitiator - HHH000490: Using JtaPlatform implementation: [org.hibernate.engine.transaction.jta.platform.internal.NoJtaPlatform]
2025-07-01 02:28:10 [main] INFO  o.s.o.j.LocalContainerEntityManagerFactoryBean - Initialized JPA EntityManagerFactory for persistence unit 'default'
2025-07-01 02:28:12 [main] WARN  o.s.b.a.o.j.JpaBaseConfiguration$JpaWebConfiguration - spring.jpa.open-in-view is enabled by default. Therefore, database queries may be performed during view rendering. Explicitly configure spring.jpa.open-in-view to disable this warning
2025-07-01 02:28:13 [main] INFO  o.s.s.web.DefaultSecurityFilterChain - Will secure any request with [org.springframework.security.web.session.DisableEncodeUrlFilter@78461bc4, org.springframework.security.web.context.request.async.WebAsyncManagerIntegrationFilter@544630b7, org.springframework.security.web.context.SecurityContextPersistenceFilter@5c1bd44c, org.springframework.security.web.header.HeaderWriterFilter@1eef9aef, org.springframework.web.filter.CorsFilter@64f857e7, org.springframework.security.web.authentication.logout.LogoutFilter@56db847e, demo.backed.config.JwtAuthenticationFilter@51e69659, org.springframework.security.web.savedrequest.RequestCacheAwareFilter@18cc679e, org.springframework.security.web.servletapi.SecurityContextHolderAwareRequestFilter@2c4ca0f9, org.springframework.security.web.authentication.AnonymousAuthenticationFilter@1095f122, org.springframework.security.web.session.SessionManagementFilter@5db99216, org.springframework.security.web.access.ExceptionTranslationFilter@4de025bf, org.springframework.security.web.access.intercept.FilterSecurityInterceptor@70ab80e3]
2025-07-01 02:28:14 [main] INFO  o.s.b.w.e.tomcat.TomcatWebServer - Tomcat started on port(s): 8080 (http) with context path ''
2025-07-01 02:28:14 [main] INFO  demo.backed.BackedApplication - Started BackedApplication in 10.572 seconds (JVM running for 11.407)
2025-07-01 02:28:14 [main] DEBUG org.hibernate.SQL - 
    /* select
        count(*) 
    from
        User x */ select
            count(*) as col_0_0_ 
        from
            t_poc_users user0_
2025-07-01 02:28:15 [main] DEBUG org.hibernate.SQL - 
    /* select
        generatedAlias0 
    from
        User as generatedAlias0 */ select
            user0_.id as id1_2_,
            user0_.created_by as created_2_2_,
            user0_.created_time as created_3_2_,
            user0_.department as departme4_2_,
            user0_.email as email5_2_,
            user0_.emergency_contact as emergenc6_2_,
            user0_.emergency_phone as emergenc7_2_,
            user0_.employee_id as employee8_2_,
            user0_.hire_date as hire_dat9_2_,
            user0_.is_online as is_onli10_2_,
            user0_.last_login_time as last_lo11_2_,
            user0_.manager as manager12_2_,
            user0_.notes as notes13_2_,
            user0_.password as passwor14_2_,
            user0_.phone as phone15_2_,
            user0_.position as positio16_2_,
            user0_.status as status17_2_,
            user0_.updated_by as updated18_2_,
            user0_.updated_time as updated19_2_,
            user0_.user_name as user_na20_2_,
            user0_.user_type as user_ty21_2_,
            user0_.work_location as work_lo22_2_ 
        from
            t_poc_users user0_
2025-07-01 02:28:33 [http-nio-8080-exec-1] INFO  o.a.c.c.C.[Tomcat].[localhost].[/] - Initializing Spring DispatcherServlet 'dispatcherServlet'
2025-07-01 02:28:33 [http-nio-8080-exec-1] INFO  o.s.web.servlet.DispatcherServlet - Initializing Servlet 'dispatcherServlet'
2025-07-01 02:28:33 [http-nio-8080-exec-1] INFO  o.s.web.servlet.DispatcherServlet - Completed initialization in 1 ms
2025-07-01 02:29:28 [SpringApplicationShutdownHook] INFO  o.s.o.j.LocalContainerEntityManagerFactoryBean - Closing JPA EntityManagerFactory for persistence unit 'default'
2025-07-01 02:29:28 [SpringApplicationShutdownHook] INFO  com.zaxxer.hikari.HikariDataSource - HikariCP - Shutdown initiated...
2025-07-01 02:29:28 [SpringApplicationShutdownHook] INFO  com.zaxxer.hikari.HikariDataSource - HikariCP - Shutdown completed.
2025-07-01 02:29:33 [main] INFO  demo.backed.BackedApplication - Starting BackedApplication v0.0.1-SNAPSHOT using Java 1.8.0_212 on 144c3a865bb5 with PID 1 (/app/target/backed-0.0.1-SNAPSHOT.jar started by root in /app)
2025-07-01 02:29:33 [main] DEBUG demo.backed.BackedApplication - Running with Spring Boot v2.7.18, Spring v5.3.31
2025-07-01 02:29:33 [main] INFO  demo.backed.BackedApplication - The following 1 profile is active: "production"
2025-07-01 02:29:34 [main] INFO  o.s.d.r.c.RepositoryConfigurationDelegate - Bootstrapping Spring Data JPA repositories in DEFAULT mode.
2025-07-01 02:29:34 [main] INFO  o.s.d.r.c.RepositoryConfigurationDelegate - Finished Spring Data repository scanning in 84 ms. Found 4 JPA repository interfaces.
2025-07-01 02:29:36 [main] INFO  o.s.b.w.e.tomcat.TomcatWebServer - Tomcat initialized with port(s): 8080 (http)
2025-07-01 02:29:36 [main] INFO  o.a.catalina.core.StandardService - Starting service [Tomcat]
2025-07-01 02:29:36 [main] INFO  o.a.catalina.core.StandardEngine - Starting Servlet engine: [Apache Tomcat/9.0.83]
2025-07-01 02:29:36 [main] INFO  o.a.c.c.C.[Tomcat].[localhost].[/] - Initializing Spring embedded WebApplicationContext
2025-07-01 02:29:36 [main] INFO  o.s.b.w.s.c.ServletWebServerApplicationContext - Root WebApplicationContext: initialization completed in 3266 ms
2025-07-01 02:29:36 [main] DEBUG d.b.config.JwtAuthenticationFilter - Filter 'jwtAuthenticationFilter' configured for use
2025-07-01 02:29:36 [main] INFO  o.h.jpa.internal.util.LogHelper - HHH000204: Processing PersistenceUnitInfo [name: default]
2025-07-01 02:29:36 [main] INFO  org.hibernate.Version - HHH000412: Hibernate ORM core version 5.6.15.Final
2025-07-01 02:29:37 [main] INFO  o.h.annotations.common.Version - HCANN000001: Hibernate Commons Annotations {5.1.2.Final}
2025-07-01 02:29:37 [main] INFO  com.zaxxer.hikari.HikariDataSource - HikariCP - Starting...
2025-07-01 02:29:37 [main] INFO  com.zaxxer.hikari.HikariDataSource - HikariCP - Start completed.
2025-07-01 02:29:37 [main] INFO  org.hibernate.dialect.Dialect - HHH000400: Using dialect: org.hibernate.dialect.PostgreSQLDialect
2025-07-01 02:29:38 [main] INFO  o.h.e.t.j.p.i.JtaPlatformInitiator - HHH000490: Using JtaPlatform implementation: [org.hibernate.engine.transaction.jta.platform.internal.NoJtaPlatform]
2025-07-01 02:29:38 [main] INFO  o.s.o.j.LocalContainerEntityManagerFactoryBean - Initialized JPA EntityManagerFactory for persistence unit 'default'
2025-07-01 02:29:40 [main] WARN  o.s.b.a.o.j.JpaBaseConfiguration$JpaWebConfiguration - spring.jpa.open-in-view is enabled by default. Therefore, database queries may be performed during view rendering. Explicitly configure spring.jpa.open-in-view to disable this warning
2025-07-01 02:29:41 [main] INFO  o.s.s.web.DefaultSecurityFilterChain - Will secure any request with [org.springframework.security.web.session.DisableEncodeUrlFilter@1cf2fed4, org.springframework.security.web.context.request.async.WebAsyncManagerIntegrationFilter@3af4e0bf, org.springframework.security.web.context.SecurityContextPersistenceFilter@7555b920, org.springframework.security.web.header.HeaderWriterFilter@64c2b546, org.springframework.web.filter.CorsFilter@245a26e1, org.springframework.security.web.authentication.logout.LogoutFilter@6928f576, demo.backed.config.JwtAuthenticationFilter@67f639d3, org.springframework.security.web.savedrequest.RequestCacheAwareFilter@3591009c, org.springframework.security.web.servletapi.SecurityContextHolderAwareRequestFilter@b5cc23a, org.springframework.security.web.authentication.AnonymousAuthenticationFilter@4d63b624, org.springframework.security.web.session.SessionManagementFilter@7a11c4c7, org.springframework.security.web.access.ExceptionTranslationFilter@551a20d6, org.springframework.security.web.access.intercept.FilterSecurityInterceptor@514eedd8]
2025-07-01 02:29:42 [main] INFO  o.s.b.w.e.tomcat.TomcatWebServer - Tomcat started on port(s): 8080 (http) with context path ''
2025-07-01 02:29:43 [main] INFO  demo.backed.BackedApplication - Started BackedApplication in 10.79 seconds (JVM running for 11.646)
2025-07-01 02:29:43 [main] DEBUG org.hibernate.SQL - 
    /* select
        count(*) 
    from
        User x */ select
            count(*) as col_0_0_ 
        from
            t_poc_users user0_
2025-07-01 02:29:43 [main] DEBUG org.hibernate.SQL - 
    /* select
        generatedAlias0 
    from
        User as generatedAlias0 */ select
            user0_.id as id1_2_,
            user0_.created_by as created_2_2_,
            user0_.created_time as created_3_2_,
            user0_.department as departme4_2_,
            user0_.email as email5_2_,
            user0_.emergency_contact as emergenc6_2_,
            user0_.emergency_phone as emergenc7_2_,
            user0_.employee_id as employee8_2_,
            user0_.hire_date as hire_dat9_2_,
            user0_.is_online as is_onli10_2_,
            user0_.last_login_time as last_lo11_2_,
            user0_.manager as manager12_2_,
            user0_.notes as notes13_2_,
            user0_.password as passwor14_2_,
            user0_.phone as phone15_2_,
            user0_.position as positio16_2_,
            user0_.status as status17_2_,
            user0_.updated_by as updated18_2_,
            user0_.updated_time as updated19_2_,
            user0_.user_name as user_na20_2_,
            user0_.user_type as user_ty21_2_,
            user0_.work_location as work_lo22_2_ 
        from
            t_poc_users user0_
2025-07-01 02:30:01 [http-nio-8080-exec-1] INFO  o.a.c.c.C.[Tomcat].[localhost].[/] - Initializing Spring DispatcherServlet 'dispatcherServlet'
2025-07-01 02:30:01 [http-nio-8080-exec-1] INFO  o.s.web.servlet.DispatcherServlet - Initializing Servlet 'dispatcherServlet'
2025-07-01 02:30:01 [http-nio-8080-exec-1] INFO  o.s.web.servlet.DispatcherServlet - Completed initialization in 1 ms
2025-07-01 02:31:34 [SpringApplicationShutdownHook] INFO  o.s.o.j.LocalContainerEntityManagerFactoryBean - Closing JPA EntityManagerFactory for persistence unit 'default'
2025-07-01 02:31:34 [SpringApplicationShutdownHook] INFO  com.zaxxer.hikari.HikariDataSource - HikariCP - Shutdown initiated...
2025-07-01 02:31:34 [SpringApplicationShutdownHook] INFO  com.zaxxer.hikari.HikariDataSource - HikariCP - Shutdown completed.
2025-07-01 02:31:39 [main] INFO  demo.backed.BackedApplication - Starting BackedApplication v0.0.1-SNAPSHOT using Java 1.8.0_212 on 144c3a865bb5 with PID 1 (/app/target/backed-0.0.1-SNAPSHOT.jar started by root in /app)
2025-07-01 02:31:39 [main] DEBUG demo.backed.BackedApplication - Running with Spring Boot v2.7.18, Spring v5.3.31
2025-07-01 02:31:39 [main] INFO  demo.backed.BackedApplication - The following 1 profile is active: "production"
2025-07-01 02:31:40 [main] INFO  o.s.d.r.c.RepositoryConfigurationDelegate - Bootstrapping Spring Data JPA repositories in DEFAULT mode.
2025-07-01 02:31:40 [main] INFO  o.s.d.r.c.RepositoryConfigurationDelegate - Finished Spring Data repository scanning in 79 ms. Found 4 JPA repository interfaces.
2025-07-01 02:31:42 [main] INFO  o.s.b.w.e.tomcat.TomcatWebServer - Tomcat initialized with port(s): 8080 (http)
2025-07-01 02:31:42 [main] INFO  o.a.catalina.core.StandardService - Starting service [Tomcat]
2025-07-01 02:31:42 [main] INFO  o.a.catalina.core.StandardEngine - Starting Servlet engine: [Apache Tomcat/9.0.83]
2025-07-01 02:31:42 [main] INFO  o.a.c.c.C.[Tomcat].[localhost].[/] - Initializing Spring embedded WebApplicationContext
2025-07-01 02:31:42 [main] INFO  o.s.b.w.s.c.ServletWebServerApplicationContext - Root WebApplicationContext: initialization completed in 2938 ms
2025-07-01 02:31:42 [main] DEBUG d.b.config.JwtAuthenticationFilter - Filter 'jwtAuthenticationFilter' configured for use
2025-07-01 02:31:42 [main] INFO  o.h.jpa.internal.util.LogHelper - HHH000204: Processing PersistenceUnitInfo [name: default]
2025-07-01 02:31:42 [main] INFO  org.hibernate.Version - HHH000412: Hibernate ORM core version 5.6.15.Final
2025-07-01 02:31:42 [main] INFO  o.h.annotations.common.Version - HCANN000001: Hibernate Commons Annotations {5.1.2.Final}
2025-07-01 02:31:42 [main] INFO  com.zaxxer.hikari.HikariDataSource - HikariCP - Starting...
2025-07-01 02:31:43 [main] INFO  com.zaxxer.hikari.HikariDataSource - HikariCP - Start completed.
2025-07-01 02:31:43 [main] INFO  org.hibernate.dialect.Dialect - HHH000400: Using dialect: org.hibernate.dialect.PostgreSQLDialect
2025-07-01 02:31:44 [main] INFO  o.h.e.t.j.p.i.JtaPlatformInitiator - HHH000490: Using JtaPlatform implementation: [org.hibernate.engine.transaction.jta.platform.internal.NoJtaPlatform]
2025-07-01 02:31:44 [main] INFO  o.s.o.j.LocalContainerEntityManagerFactoryBean - Initialized JPA EntityManagerFactory for persistence unit 'default'
2025-07-01 02:31:45 [main] WARN  o.s.b.a.o.j.JpaBaseConfiguration$JpaWebConfiguration - spring.jpa.open-in-view is enabled by default. Therefore, database queries may be performed during view rendering. Explicitly configure spring.jpa.open-in-view to disable this warning
2025-07-01 02:31:46 [main] INFO  o.s.s.web.DefaultSecurityFilterChain - Will secure any request with [org.springframework.security.web.session.DisableEncodeUrlFilter@245a26e1, org.springframework.security.web.context.request.async.WebAsyncManagerIntegrationFilter@4d63b624, org.springframework.security.web.context.SecurityContextPersistenceFilter@3591009c, org.springframework.security.web.header.HeaderWriterFilter@7a11c4c7, org.springframework.web.filter.CorsFilter@466cf502, org.springframework.security.web.authentication.logout.LogoutFilter@69f63d95, demo.backed.config.JwtAuthenticationFilter@71a8adcf, org.springframework.security.web.savedrequest.RequestCacheAwareFilter@b5cc23a, org.springframework.security.web.servletapi.SecurityContextHolderAwareRequestFilter@61edc883, org.springframework.security.web.authentication.AnonymousAuthenticationFilter@5b800468, org.springframework.security.web.session.SessionManagementFilter@7555b920, org.springframework.security.web.access.ExceptionTranslationFilter@64c2b546, org.springframework.security.web.access.intercept.FilterSecurityInterceptor@6970140a]
2025-07-01 02:31:47 [main] INFO  o.s.b.w.e.tomcat.TomcatWebServer - Tomcat started on port(s): 8080 (http) with context path ''
2025-07-01 02:31:48 [main] INFO  demo.backed.BackedApplication - Started BackedApplication in 9.759 seconds (JVM running for 10.541)
2025-07-01 02:31:48 [main] DEBUG org.hibernate.SQL - 
    /* select
        count(*) 
    from
        User x */ select
            count(*) as col_0_0_ 
        from
            t_poc_users user0_
2025-07-01 02:31:48 [main] DEBUG org.hibernate.SQL - 
    /* select
        generatedAlias0 
    from
        User as generatedAlias0 */ select
            user0_.id as id1_2_,
            user0_.created_by as created_2_2_,
            user0_.created_time as created_3_2_,
            user0_.department as departme4_2_,
            user0_.email as email5_2_,
            user0_.emergency_contact as emergenc6_2_,
            user0_.emergency_phone as emergenc7_2_,
            user0_.employee_id as employee8_2_,
            user0_.hire_date as hire_dat9_2_,
            user0_.is_online as is_onli10_2_,
            user0_.last_login_time as last_lo11_2_,
            user0_.manager as manager12_2_,
            user0_.notes as notes13_2_,
            user0_.password as passwor14_2_,
            user0_.phone as phone15_2_,
            user0_.position as positio16_2_,
            user0_.status as status17_2_,
            user0_.updated_by as updated18_2_,
            user0_.updated_time as updated19_2_,
            user0_.user_name as user_na20_2_,
            user0_.user_type as user_ty21_2_,
            user0_.work_location as work_lo22_2_ 
        from
            t_poc_users user0_
2025-07-01 02:32:07 [http-nio-8080-exec-1] INFO  o.a.c.c.C.[Tomcat].[localhost].[/] - Initializing Spring DispatcherServlet 'dispatcherServlet'
2025-07-01 02:32:07 [http-nio-8080-exec-1] INFO  o.s.web.servlet.DispatcherServlet - Initializing Servlet 'dispatcherServlet'
2025-07-01 02:32:07 [http-nio-8080-exec-1] INFO  o.s.web.servlet.DispatcherServlet - Completed initialization in 2 ms
2025-07-01 02:34:13 [SpringApplicationShutdownHook] INFO  o.s.o.j.LocalContainerEntityManagerFactoryBean - Closing JPA EntityManagerFactory for persistence unit 'default'
2025-07-01 02:34:13 [SpringApplicationShutdownHook] INFO  com.zaxxer.hikari.HikariDataSource - HikariCP - Shutdown initiated...
2025-07-01 02:34:13 [SpringApplicationShutdownHook] INFO  com.zaxxer.hikari.HikariDataSource - HikariCP - Shutdown completed.
2025-07-01 02:34:17 [main] INFO  demo.backed.BackedApplication - Starting BackedApplication v0.0.1-SNAPSHOT using Java 1.8.0_212 on 144c3a865bb5 with PID 1 (/app/target/backed-0.0.1-SNAPSHOT.jar started by root in /app)
2025-07-01 02:34:17 [main] DEBUG demo.backed.BackedApplication - Running with Spring Boot v2.7.18, Spring v5.3.31
2025-07-01 02:34:17 [main] INFO  demo.backed.BackedApplication - The following 1 profile is active: "production"
2025-07-01 02:34:19 [main] INFO  o.s.d.r.c.RepositoryConfigurationDelegate - Bootstrapping Spring Data JPA repositories in DEFAULT mode.
2025-07-01 02:34:19 [main] INFO  o.s.d.r.c.RepositoryConfigurationDelegate - Finished Spring Data repository scanning in 114 ms. Found 4 JPA repository interfaces.
2025-07-01 02:34:21 [main] INFO  o.s.b.w.e.tomcat.TomcatWebServer - Tomcat initialized with port(s): 8080 (http)
2025-07-01 02:34:21 [main] INFO  o.a.catalina.core.StandardService - Starting service [Tomcat]
2025-07-01 02:34:21 [main] INFO  o.a.catalina.core.StandardEngine - Starting Servlet engine: [Apache Tomcat/9.0.83]
2025-07-01 02:34:21 [main] INFO  o.a.c.c.C.[Tomcat].[localhost].[/] - Initializing Spring embedded WebApplicationContext
2025-07-01 02:34:21 [main] INFO  o.s.b.w.s.c.ServletWebServerApplicationContext - Root WebApplicationContext: initialization completed in 3376 ms
2025-07-01 02:34:21 [main] DEBUG d.b.config.JwtAuthenticationFilter - Filter 'jwtAuthenticationFilter' configured for use
2025-07-01 02:34:21 [main] INFO  o.h.jpa.internal.util.LogHelper - HHH000204: Processing PersistenceUnitInfo [name: default]
2025-07-01 02:34:21 [main] INFO  org.hibernate.Version - HHH000412: Hibernate ORM core version 5.6.15.Final
2025-07-01 02:34:21 [main] INFO  o.h.annotations.common.Version - HCANN000001: Hibernate Commons Annotations {5.1.2.Final}
2025-07-01 02:34:22 [main] INFO  com.zaxxer.hikari.HikariDataSource - HikariCP - Starting...
2025-07-01 02:34:22 [main] INFO  com.zaxxer.hikari.HikariDataSource - HikariCP - Start completed.
2025-07-01 02:34:22 [main] INFO  org.hibernate.dialect.Dialect - HHH000400: Using dialect: org.hibernate.dialect.PostgreSQLDialect
2025-07-01 02:34:23 [main] INFO  o.h.e.t.j.p.i.JtaPlatformInitiator - HHH000490: Using JtaPlatform implementation: [org.hibernate.engine.transaction.jta.platform.internal.NoJtaPlatform]
2025-07-01 02:34:23 [main] INFO  o.s.o.j.LocalContainerEntityManagerFactoryBean - Initialized JPA EntityManagerFactory for persistence unit 'default'
2025-07-01 02:34:25 [main] WARN  o.s.b.a.o.j.JpaBaseConfiguration$JpaWebConfiguration - spring.jpa.open-in-view is enabled by default. Therefore, database queries may be performed during view rendering. Explicitly configure spring.jpa.open-in-view to disable this warning
2025-07-01 02:34:26 [main] INFO  o.s.s.web.DefaultSecurityFilterChain - Will secure any request with [org.springframework.security.web.session.DisableEncodeUrlFilter@58c540cf, org.springframework.security.web.context.request.async.WebAsyncManagerIntegrationFilter@3d6300e8, org.springframework.security.web.context.SecurityContextPersistenceFilter@2c4ca0f9, org.springframework.security.web.header.HeaderWriterFilter@5c1bd44c, org.springframework.web.filter.CorsFilter@1b822fcc, org.springframework.security.web.authentication.logout.LogoutFilter@551a20d6, demo.backed.config.JwtAuthenticationFilter@67f639d3, org.springframework.security.web.savedrequest.RequestCacheAwareFilter@7df587ef, org.springframework.security.web.servletapi.SecurityContextHolderAwareRequestFilter@2755d705, org.springframework.security.web.authentication.AnonymousAuthenticationFilter@24a1c17f, org.springframework.security.web.session.SessionManagementFilter@18cc679e, org.springframework.security.web.access.ExceptionTranslationFilter@5db99216, org.springframework.security.web.access.intercept.FilterSecurityInterceptor@544630b7]
2025-07-01 02:34:26 [main] INFO  o.s.b.w.e.tomcat.TomcatWebServer - Tomcat started on port(s): 8080 (http) with context path ''
2025-07-01 02:34:27 [main] INFO  demo.backed.BackedApplication - Started BackedApplication in 10.502 seconds (JVM running for 11.31)
2025-07-01 02:34:27 [main] DEBUG org.hibernate.SQL - 
    /* select
        count(*) 
    from
        User x */ select
            count(*) as col_0_0_ 
        from
            t_poc_users user0_
2025-07-01 02:34:27 [main] DEBUG org.hibernate.SQL - 
    /* select
        generatedAlias0 
    from
        User as generatedAlias0 */ select
            user0_.id as id1_2_,
            user0_.created_by as created_2_2_,
            user0_.created_time as created_3_2_,
            user0_.department as departme4_2_,
            user0_.email as email5_2_,
            user0_.emergency_contact as emergenc6_2_,
            user0_.emergency_phone as emergenc7_2_,
            user0_.employee_id as employee8_2_,
            user0_.hire_date as hire_dat9_2_,
            user0_.is_online as is_onli10_2_,
            user0_.last_login_time as last_lo11_2_,
            user0_.manager as manager12_2_,
            user0_.notes as notes13_2_,
            user0_.password as passwor14_2_,
            user0_.phone as phone15_2_,
            user0_.position as positio16_2_,
            user0_.status as status17_2_,
            user0_.updated_by as updated18_2_,
            user0_.updated_time as updated19_2_,
            user0_.user_name as user_na20_2_,
            user0_.user_type as user_ty21_2_,
            user0_.work_location as work_lo22_2_ 
        from
            t_poc_users user0_
2025-07-01 02:34:46 [http-nio-8080-exec-1] INFO  o.a.c.c.C.[Tomcat].[localhost].[/] - Initializing Spring DispatcherServlet 'dispatcherServlet'
2025-07-01 02:34:46 [http-nio-8080-exec-1] INFO  o.s.web.servlet.DispatcherServlet - Initializing Servlet 'dispatcherServlet'
2025-07-01 02:34:46 [http-nio-8080-exec-1] INFO  o.s.web.servlet.DispatcherServlet - Completed initialization in 1 ms
2025-07-01 02:40:18 [SpringApplicationShutdownHook] INFO  o.s.o.j.LocalContainerEntityManagerFactoryBean - Closing JPA EntityManagerFactory for persistence unit 'default'
2025-07-01 02:40:18 [SpringApplicationShutdownHook] INFO  com.zaxxer.hikari.HikariDataSource - HikariCP - Shutdown initiated...
2025-07-01 02:40:18 [SpringApplicationShutdownHook] INFO  com.zaxxer.hikari.HikariDataSource - HikariCP - Shutdown completed.
2025-07-01 02:40:22 [main] INFO  demo.backed.BackedApplication - Starting BackedApplication v0.0.1-SNAPSHOT using Java 1.8.0_212 on 144c3a865bb5 with PID 1 (/app/target/backed-0.0.1-SNAPSHOT.jar started by root in /app)
2025-07-01 02:40:22 [main] DEBUG demo.backed.BackedApplication - Running with Spring Boot v2.7.18, Spring v5.3.31
2025-07-01 02:40:22 [main] INFO  demo.backed.BackedApplication - The following 1 profile is active: "production"
2025-07-01 02:40:23 [main] INFO  o.s.d.r.c.RepositoryConfigurationDelegate - Bootstrapping Spring Data JPA repositories in DEFAULT mode.
2025-07-01 02:40:23 [main] INFO  o.s.d.r.c.RepositoryConfigurationDelegate - Finished Spring Data repository scanning in 89 ms. Found 4 JPA repository interfaces.
2025-07-01 02:40:25 [main] INFO  o.s.b.w.e.tomcat.TomcatWebServer - Tomcat initialized with port(s): 8080 (http)
2025-07-01 02:40:25 [main] INFO  o.a.catalina.core.StandardService - Starting service [Tomcat]
2025-07-01 02:40:25 [main] INFO  o.a.catalina.core.StandardEngine - Starting Servlet engine: [Apache Tomcat/9.0.83]
2025-07-01 02:40:25 [main] INFO  o.a.c.c.C.[Tomcat].[localhost].[/] - Initializing Spring embedded WebApplicationContext
2025-07-01 02:40:25 [main] INFO  o.s.b.w.s.c.ServletWebServerApplicationContext - Root WebApplicationContext: initialization completed in 3138 ms
2025-07-01 02:40:25 [main] DEBUG d.b.config.JwtAuthenticationFilter - Filter 'jwtAuthenticationFilter' configured for use
2025-07-01 02:40:25 [main] INFO  o.h.jpa.internal.util.LogHelper - HHH000204: Processing PersistenceUnitInfo [name: default]
2025-07-01 02:40:26 [main] INFO  org.hibernate.Version - HHH000412: Hibernate ORM core version 5.6.15.Final
2025-07-01 02:40:26 [main] INFO  o.h.annotations.common.Version - HCANN000001: Hibernate Commons Annotations {5.1.2.Final}
2025-07-01 02:40:26 [main] INFO  com.zaxxer.hikari.HikariDataSource - HikariCP - Starting...
2025-07-01 02:40:26 [main] INFO  com.zaxxer.hikari.HikariDataSource - HikariCP - Start completed.
2025-07-01 02:40:26 [main] INFO  org.hibernate.dialect.Dialect - HHH000400: Using dialect: org.hibernate.dialect.PostgreSQLDialect
2025-07-01 02:40:28 [main] INFO  o.h.e.t.j.p.i.JtaPlatformInitiator - HHH000490: Using JtaPlatform implementation: [org.hibernate.engine.transaction.jta.platform.internal.NoJtaPlatform]
2025-07-01 02:40:28 [main] INFO  o.s.o.j.LocalContainerEntityManagerFactoryBean - Initialized JPA EntityManagerFactory for persistence unit 'default'
2025-07-01 02:40:29 [main] WARN  o.s.b.a.o.j.JpaBaseConfiguration$JpaWebConfiguration - spring.jpa.open-in-view is enabled by default. Therefore, database queries may be performed during view rendering. Explicitly configure spring.jpa.open-in-view to disable this warning
2025-07-01 02:40:30 [main] INFO  o.s.s.web.DefaultSecurityFilterChain - Will secure any request with [org.springframework.security.web.session.DisableEncodeUrlFilter@3b366632, org.springframework.security.web.context.request.async.WebAsyncManagerIntegrationFilter@51f49060, org.springframework.security.web.context.SecurityContextPersistenceFilter@7df587ef, org.springframework.security.web.header.HeaderWriterFilter@18cc679e, org.springframework.web.filter.CorsFilter@514eedd8, org.springframework.security.web.authentication.logout.LogoutFilter@b5cc23a, demo.backed.config.JwtAuthenticationFilter@49049a04, org.springframework.security.web.savedrequest.RequestCacheAwareFilter@7e094740, org.springframework.security.web.servletapi.SecurityContextHolderAwareRequestFilter@4cc547a, org.springframework.security.web.authentication.AnonymousAuthenticationFilter@617fe9e1, org.springframework.security.web.session.SessionManagementFilter@2c4ca0f9, org.springframework.security.web.access.ExceptionTranslationFilter@5c1bd44c, org.springframework.security.web.access.intercept.FilterSecurityInterceptor@532721fd]
2025-07-01 02:40:31 [main] INFO  o.s.b.w.e.tomcat.TomcatWebServer - Tomcat started on port(s): 8080 (http) with context path ''
2025-07-01 02:40:32 [main] INFO  demo.backed.BackedApplication - Started BackedApplication in 10.468 seconds (JVM running for 11.202)
2025-07-01 02:40:32 [main] DEBUG org.hibernate.SQL - 
    /* select
        count(*) 
    from
        User x */ select
            count(*) as col_0_0_ 
        from
            t_poc_users user0_
2025-07-01 02:40:32 [main] DEBUG org.hibernate.SQL - 
    /* select
        generatedAlias0 
    from
        User as generatedAlias0 */ select
            user0_.id as id1_2_,
            user0_.created_by as created_2_2_,
            user0_.created_time as created_3_2_,
            user0_.department as departme4_2_,
            user0_.email as email5_2_,
            user0_.emergency_contact as emergenc6_2_,
            user0_.emergency_phone as emergenc7_2_,
            user0_.employee_id as employee8_2_,
            user0_.hire_date as hire_dat9_2_,
            user0_.is_online as is_onli10_2_,
            user0_.last_login_time as last_lo11_2_,
            user0_.manager as manager12_2_,
            user0_.notes as notes13_2_,
            user0_.password as passwor14_2_,
            user0_.phone as phone15_2_,
            user0_.position as positio16_2_,
            user0_.status as status17_2_,
            user0_.updated_by as updated18_2_,
            user0_.updated_time as updated19_2_,
            user0_.user_name as user_na20_2_,
            user0_.user_type as user_ty21_2_,
            user0_.work_location as work_lo22_2_ 
        from
            t_poc_users user0_
2025-07-01 02:40:50 [http-nio-8080-exec-1] INFO  o.a.c.c.C.[Tomcat].[localhost].[/] - Initializing Spring DispatcherServlet 'dispatcherServlet'
2025-07-01 02:40:50 [http-nio-8080-exec-1] INFO  o.s.web.servlet.DispatcherServlet - Initializing Servlet 'dispatcherServlet'
2025-07-01 02:40:50 [http-nio-8080-exec-1] INFO  o.s.web.servlet.DispatcherServlet - Completed initialization in 1 ms
2025-07-01 02:51:38 [http-nio-8080-exec-1] DEBUG d.b.config.JwtAuthenticationFilter - JWT认证成功，用户: admin@hkex.com, 部门: 信息技术部
2025-07-01 02:51:38 [http-nio-8080-exec-1] DEBUG org.hibernate.SQL - 
    /* select
        generatedAlias0 
    from
        User as generatedAlias0 
    order by
        generatedAlias0.createdTime desc */ select
            user0_.id as id1_2_,
            user0_.created_by as created_2_2_,
            user0_.created_time as created_3_2_,
            user0_.department as departme4_2_,
            user0_.email as email5_2_,
            user0_.emergency_contact as emergenc6_2_,
            user0_.emergency_phone as emergenc7_2_,
            user0_.employee_id as employee8_2_,
            user0_.hire_date as hire_dat9_2_,
            user0_.is_online as is_onli10_2_,
            user0_.last_login_time as last_lo11_2_,
            user0_.manager as manager12_2_,
            user0_.notes as notes13_2_,
            user0_.password as passwor14_2_,
            user0_.phone as phone15_2_,
            user0_.position as positio16_2_,
            user0_.status as status17_2_,
            user0_.updated_by as updated18_2_,
            user0_.updated_time as updated19_2_,
            user0_.user_name as user_na20_2_,
            user0_.user_type as user_ty21_2_,
            user0_.work_location as work_lo22_2_ 
        from
            t_poc_users user0_ 
        order by
            user0_.created_time desc limit ?
2025-07-01 02:51:39 [http-nio-8080-exec-1] DEBUG org.hibernate.SQL - 
    /* insert demo.backed.entity.AuditLog
        */ insert 
        into
            t_poc_audit_logs
            (created_by, created_time, is_deleted, updated_by, updated_time, version, department, description, details, ip_address, log_type, module, module_name, new_value, old_value, operation, operation_name, operation_time, resource_id, resource_type, status, user_id, username) 
        values
            (?, ?, ?, ?, ?, ?, ?, ?, ?, ?, ?, ?, ?, ?, ?, ?, ?, ?, ?, ?, ?, ?, ?)
2025-07-01 02:51:39 [http-nio-8080-exec-1] TRACE o.h.type.descriptor.sql.BasicBinder - binding parameter [1] as [VARCHAR] - [admin@hkex.com]
2025-07-01 02:51:39 [http-nio-8080-exec-1] TRACE o.h.type.descriptor.sql.BasicBinder - binding parameter [2] as [TIMESTAMP] - [2025-07-01T02:51:39.001]
2025-07-01 02:51:39 [http-nio-8080-exec-1] TRACE o.h.type.descriptor.sql.BasicBinder - binding parameter [3] as [BOOLEAN] - [false]
2025-07-01 02:51:39 [http-nio-8080-exec-1] TRACE o.h.type.descriptor.sql.BasicBinder - binding parameter [4] as [VARCHAR] - [admin@hkex.com]
2025-07-01 02:51:39 [http-nio-8080-exec-1] TRACE o.h.type.descriptor.sql.BasicBinder - binding parameter [5] as [TIMESTAMP] - [2025-07-01T02:51:39.001]
2025-07-01 02:51:39 [http-nio-8080-exec-1] TRACE o.h.type.descriptor.sql.BasicBinder - binding parameter [6] as [BIGINT] - [0]
2025-07-01 02:51:39 [http-nio-8080-exec-1] TRACE o.h.type.descriptor.sql.BasicBinder - binding parameter [7] as [VARCHAR] - [null]
2025-07-01 02:51:39 [http-nio-8080-exec-1] TRACE o.h.type.descriptor.sql.BasicBinder - binding parameter [8] as [VARCHAR] - [查询用户列表 - 页码:0, 大小:100, 关键词:, 部门:, 状态:, 类型:]
2025-07-01 02:51:39 [http-nio-8080-exec-1] TRACE o.h.type.descriptor.sql.BasicBinder - binding parameter [9] as [VARCHAR] - [null]
2025-07-01 02:51:39 [http-nio-8080-exec-1] TRACE o.h.type.descriptor.sql.BasicBinder - binding parameter [10] as [VARCHAR] - [39.144.137.72]
2025-07-01 02:51:39 [http-nio-8080-exec-1] TRACE o.h.type.descriptor.sql.BasicBinder - binding parameter [11] as [VARCHAR] - [SYSTEM]
2025-07-01 02:51:39 [http-nio-8080-exec-1] TRACE o.h.type.descriptor.sql.BasicBinder - binding parameter [12] as [VARCHAR] - [USER]
2025-07-01 02:51:39 [http-nio-8080-exec-1] TRACE o.h.type.descriptor.sql.BasicBinder - binding parameter [13] as [VARCHAR] - [用户管理]
2025-07-01 02:51:39 [http-nio-8080-exec-1] TRACE o.h.type.descriptor.sql.BasicBinder - binding parameter [14] as [VARCHAR] - [null]
2025-07-01 02:51:39 [http-nio-8080-exec-1] TRACE o.h.type.descriptor.sql.BasicBinder - binding parameter [15] as [VARCHAR] - [null]
2025-07-01 02:51:39 [http-nio-8080-exec-1] TRACE o.h.type.descriptor.sql.BasicBinder - binding parameter [16] as [VARCHAR] - [QUERY]
2025-07-01 02:51:39 [http-nio-8080-exec-1] TRACE o.h.type.descriptor.sql.BasicBinder - binding parameter [17] as [VARCHAR] - [查询]
2025-07-01 02:51:39 [http-nio-8080-exec-1] TRACE o.h.type.descriptor.sql.BasicBinder - binding parameter [18] as [TIMESTAMP] - [2025-07-01T02:51:38.939]
2025-07-01 02:51:39 [http-nio-8080-exec-1] TRACE o.h.type.descriptor.sql.BasicBinder - binding parameter [19] as [VARCHAR] - [null]
2025-07-01 02:51:39 [http-nio-8080-exec-1] TRACE o.h.type.descriptor.sql.BasicBinder - binding parameter [20] as [VARCHAR] - [null]
2025-07-01 02:51:39 [http-nio-8080-exec-1] TRACE o.h.type.descriptor.sql.BasicBinder - binding parameter [21] as [VARCHAR] - [SUCCESS]
2025-07-01 02:51:39 [http-nio-8080-exec-1] TRACE o.h.type.descriptor.sql.BasicBinder - binding parameter [22] as [BIGINT] - [null]
2025-07-01 02:51:39 [http-nio-8080-exec-1] TRACE o.h.type.descriptor.sql.BasicBinder - binding parameter [23] as [VARCHAR] - [null]
2025-07-01 02:51:40 [http-nio-8080-exec-2] DEBUG org.hibernate.SQL - 
    /* select
        generatedAlias0 
    from
        TestEntity as generatedAlias0 */ select
            testentity0_.id as id1_3_,
            testentity0_.created_time as created_2_3_,
            testentity0_.test_message as test_mes3_3_,
            testentity0_.test_name as test_nam4_3_ 
        from
            t_test_connection testentity0_
2025-07-01 02:51:40 [http-nio-8080-exec-2] DEBUG org.hibernate.SQL - 
    /* SELECT
        t 
    FROM
        TestEntity t 
    ORDER BY
        t.createdTime DESC */ select
            testentity0_.id as id1_3_,
            testentity0_.created_time as created_2_3_,
            testentity0_.test_message as test_mes3_3_,
            testentity0_.test_name as test_nam4_3_ 
        from
            t_test_connection testentity0_ 
        order by
            testentity0_.created_time DESC
2025-07-01 02:51:40 [http-nio-8080-exec-2] DEBUG org.hibernate.SQL - 
    /* select
        count(*) 
    from
        TestEntity x */ select
            count(*) as col_0_0_ 
        from
            t_test_connection testentity0_
2025-07-01 03:04:08 [http-nio-8080-exec-1] DEBUG org.hibernate.SQL - 
    /* select
        generatedAlias0 
    from
        TestEntity as generatedAlias0 */ select
            testentity0_.id as id1_3_,
            testentity0_.created_time as created_2_3_,
            testentity0_.test_message as test_mes3_3_,
            testentity0_.test_name as test_nam4_3_ 
        from
            t_test_connection testentity0_
2025-07-01 03:04:08 [http-nio-8080-exec-1] DEBUG org.hibernate.SQL - 
    /* SELECT
        t 
    FROM
        TestEntity t 
    ORDER BY
        t.createdTime DESC */ select
            testentity0_.id as id1_3_,
            testentity0_.created_time as created_2_3_,
            testentity0_.test_message as test_mes3_3_,
            testentity0_.test_name as test_nam4_3_ 
        from
            t_test_connection testentity0_ 
        order by
            testentity0_.created_time DESC
2025-07-01 03:04:08 [http-nio-8080-exec-1] DEBUG org.hibernate.SQL - 
    /* select
        count(*) 
    from
        TestEntity x */ select
            count(*) as col_0_0_ 
        from
            t_test_connection testentity0_
2025-07-01 03:04:09 [http-nio-8080-exec-3] DEBUG org.hibernate.SQL - 
    /* select
        generatedAlias0 
    from
        TestEntity as generatedAlias0 */ select
            testentity0_.id as id1_3_,
            testentity0_.created_time as created_2_3_,
            testentity0_.test_message as test_mes3_3_,
            testentity0_.test_name as test_nam4_3_ 
        from
            t_test_connection testentity0_
2025-07-01 03:04:09 [http-nio-8080-exec-3] DEBUG org.hibernate.SQL - 
    /* SELECT
        t 
    FROM
        TestEntity t 
    ORDER BY
        t.createdTime DESC */ select
            testentity0_.id as id1_3_,
            testentity0_.created_time as created_2_3_,
            testentity0_.test_message as test_mes3_3_,
            testentity0_.test_name as test_nam4_3_ 
        from
            t_test_connection testentity0_ 
        order by
            testentity0_.created_time DESC
2025-07-01 03:04:09 [http-nio-8080-exec-3] DEBUG org.hibernate.SQL - 
    /* select
        count(*) 
    from
        TestEntity x */ select
            count(*) as col_0_0_ 
        from
            t_test_connection testentity0_
2025-07-01 03:04:10 [http-nio-8080-exec-5] DEBUG d.b.config.JwtAuthenticationFilter - JWT认证成功，用户: admin@hkex.com, 部门: 信息技术部
2025-07-01 03:04:10 [http-nio-8080-exec-5] DEBUG org.hibernate.SQL - 
    /* select
        generatedAlias0 
    from
        User as generatedAlias0 
    order by
        generatedAlias0.createdTime desc */ select
            user0_.id as id1_2_,
            user0_.created_by as created_2_2_,
            user0_.created_time as created_3_2_,
            user0_.department as departme4_2_,
            user0_.email as email5_2_,
            user0_.emergency_contact as emergenc6_2_,
            user0_.emergency_phone as emergenc7_2_,
            user0_.employee_id as employee8_2_,
            user0_.hire_date as hire_dat9_2_,
            user0_.is_online as is_onli10_2_,
            user0_.last_login_time as last_lo11_2_,
            user0_.manager as manager12_2_,
            user0_.notes as notes13_2_,
            user0_.password as passwor14_2_,
            user0_.phone as phone15_2_,
            user0_.position as positio16_2_,
            user0_.status as status17_2_,
            user0_.updated_by as updated18_2_,
            user0_.updated_time as updated19_2_,
            user0_.user_name as user_na20_2_,
            user0_.user_type as user_ty21_2_,
            user0_.work_location as work_lo22_2_ 
        from
            t_poc_users user0_ 
        order by
            user0_.created_time desc limit ?
2025-07-01 03:04:10 [http-nio-8080-exec-5] DEBUG org.hibernate.SQL - 
    /* insert demo.backed.entity.AuditLog
        */ insert 
        into
            t_poc_audit_logs
            (created_by, created_time, is_deleted, updated_by, updated_time, version, department, description, details, ip_address, log_type, module, module_name, new_value, old_value, operation, operation_name, operation_time, resource_id, resource_type, status, user_id, username) 
        values
            (?, ?, ?, ?, ?, ?, ?, ?, ?, ?, ?, ?, ?, ?, ?, ?, ?, ?, ?, ?, ?, ?, ?)
2025-07-01 03:04:10 [http-nio-8080-exec-5] TRACE o.h.type.descriptor.sql.BasicBinder - binding parameter [1] as [VARCHAR] - [admin@hkex.com]
2025-07-01 03:04:10 [http-nio-8080-exec-5] TRACE o.h.type.descriptor.sql.BasicBinder - binding parameter [2] as [TIMESTAMP] - [2025-07-01T03:04:10.610]
2025-07-01 03:04:10 [http-nio-8080-exec-5] TRACE o.h.type.descriptor.sql.BasicBinder - binding parameter [3] as [BOOLEAN] - [false]
2025-07-01 03:04:10 [http-nio-8080-exec-5] TRACE o.h.type.descriptor.sql.BasicBinder - binding parameter [4] as [VARCHAR] - [admin@hkex.com]
2025-07-01 03:04:10 [http-nio-8080-exec-5] TRACE o.h.type.descriptor.sql.BasicBinder - binding parameter [5] as [TIMESTAMP] - [2025-07-01T03:04:10.610]
2025-07-01 03:04:10 [http-nio-8080-exec-5] TRACE o.h.type.descriptor.sql.BasicBinder - binding parameter [6] as [BIGINT] - [0]
2025-07-01 03:04:10 [http-nio-8080-exec-5] TRACE o.h.type.descriptor.sql.BasicBinder - binding parameter [7] as [VARCHAR] - [null]
2025-07-01 03:04:10 [http-nio-8080-exec-5] TRACE o.h.type.descriptor.sql.BasicBinder - binding parameter [8] as [VARCHAR] - [查询用户列表 - 页码:0, 大小:100, 关键词:, 部门:, 状态:, 类型:]
2025-07-01 03:04:10 [http-nio-8080-exec-5] TRACE o.h.type.descriptor.sql.BasicBinder - binding parameter [9] as [VARCHAR] - [null]
2025-07-01 03:04:10 [http-nio-8080-exec-5] TRACE o.h.type.descriptor.sql.BasicBinder - binding parameter [10] as [VARCHAR] - [39.144.137.72]
2025-07-01 03:04:10 [http-nio-8080-exec-5] TRACE o.h.type.descriptor.sql.BasicBinder - binding parameter [11] as [VARCHAR] - [SYSTEM]
2025-07-01 03:04:10 [http-nio-8080-exec-5] TRACE o.h.type.descriptor.sql.BasicBinder - binding parameter [12] as [VARCHAR] - [USER]
2025-07-01 03:04:10 [http-nio-8080-exec-5] TRACE o.h.type.descriptor.sql.BasicBinder - binding parameter [13] as [VARCHAR] - [用户管理]
2025-07-01 03:04:10 [http-nio-8080-exec-5] TRACE o.h.type.descriptor.sql.BasicBinder - binding parameter [14] as [VARCHAR] - [null]
2025-07-01 03:04:10 [http-nio-8080-exec-5] TRACE o.h.type.descriptor.sql.BasicBinder - binding parameter [15] as [VARCHAR] - [null]
2025-07-01 03:04:10 [http-nio-8080-exec-5] TRACE o.h.type.descriptor.sql.BasicBinder - binding parameter [16] as [VARCHAR] - [QUERY]
2025-07-01 03:04:10 [http-nio-8080-exec-5] TRACE o.h.type.descriptor.sql.BasicBinder - binding parameter [17] as [VARCHAR] - [查询]
2025-07-01 03:04:10 [http-nio-8080-exec-5] TRACE o.h.type.descriptor.sql.BasicBinder - binding parameter [18] as [TIMESTAMP] - [2025-07-01T03:04:10.610]
2025-07-01 03:04:10 [http-nio-8080-exec-5] TRACE o.h.type.descriptor.sql.BasicBinder - binding parameter [19] as [VARCHAR] - [null]
2025-07-01 03:04:10 [http-nio-8080-exec-5] TRACE o.h.type.descriptor.sql.BasicBinder - binding parameter [20] as [VARCHAR] - [null]
2025-07-01 03:04:10 [http-nio-8080-exec-5] TRACE o.h.type.descriptor.sql.BasicBinder - binding parameter [21] as [VARCHAR] - [SUCCESS]
2025-07-01 03:04:10 [http-nio-8080-exec-5] TRACE o.h.type.descriptor.sql.BasicBinder - binding parameter [22] as [BIGINT] - [null]
2025-07-01 03:04:10 [http-nio-8080-exec-5] TRACE o.h.type.descriptor.sql.BasicBinder - binding parameter [23] as [VARCHAR] - [null]
2025-07-01 03:04:15 [http-nio-8080-exec-6] DEBUG org.hibernate.SQL - 
    /* select
        generatedAlias0 
    from
        TestEntity as generatedAlias0 */ select
            testentity0_.id as id1_3_,
            testentity0_.created_time as created_2_3_,
            testentity0_.test_message as test_mes3_3_,
            testentity0_.test_name as test_nam4_3_ 
        from
            t_test_connection testentity0_
2025-07-01 03:04:15 [http-nio-8080-exec-6] DEBUG org.hibernate.SQL - 
    /* SELECT
        t 
    FROM
        TestEntity t 
    ORDER BY
        t.createdTime DESC */ select
            testentity0_.id as id1_3_,
            testentity0_.created_time as created_2_3_,
            testentity0_.test_message as test_mes3_3_,
            testentity0_.test_name as test_nam4_3_ 
        from
            t_test_connection testentity0_ 
        order by
            testentity0_.created_time DESC
2025-07-01 03:04:15 [http-nio-8080-exec-6] DEBUG org.hibernate.SQL - 
    /* select
        count(*) 
    from
        TestEntity x */ select
            count(*) as col_0_0_ 
        from
            t_test_connection testentity0_
2025-07-01 03:04:18 [http-nio-8080-exec-8] DEBUG org.hibernate.SQL - 
    /* insert demo.backed.entity.TestEntity
        */ insert 
        into
            t_test_connection
            (created_time, test_message, test_name) 
        values
            (?, ?, ?)
2025-07-01 03:04:18 [http-nio-8080-exec-8] TRACE o.h.type.descriptor.sql.BasicBinder - binding parameter [1] as [TIMESTAMP] - [2025-07-01T03:04:18.419]
2025-07-01 03:04:18 [http-nio-8080-exec-8] TRACE o.h.type.descriptor.sql.BasicBinder - binding parameter [2] as [VARCHAR] - [PostgreSQL连接成功，JPA工作正常！]
2025-07-01 03:04:18 [http-nio-8080-exec-8] TRACE o.h.type.descriptor.sql.BasicBinder - binding parameter [3] as [VARCHAR] - [数据库连接测试]
2025-07-01 03:04:18 [http-nio-8080-exec-8] DEBUG org.hibernate.SQL - 
    /* select
        generatedAlias0 
    from
        TestEntity as generatedAlias0 */ select
            testentity0_.id as id1_3_,
            testentity0_.created_time as created_2_3_,
            testentity0_.test_message as test_mes3_3_,
            testentity0_.test_name as test_nam4_3_ 
        from
            t_test_connection testentity0_
2025-07-01 03:04:18 [http-nio-8080-exec-8] DEBUG org.hibernate.SQL - 
    /* SELECT
        COUNT(t) 
    FROM
        TestEntity t */ select
            count(testentity0_.id) as col_0_0_ 
        from
            t_test_connection testentity0_
2025-07-01 03:05:02 [http-nio-8080-exec-5] DEBUG org.hibernate.SQL - 
    /* select
        generatedAlias0 
    from
        TestEntity as generatedAlias0 */ select
            testentity0_.id as id1_3_,
            testentity0_.created_time as created_2_3_,
            testentity0_.test_message as test_mes3_3_,
            testentity0_.test_name as test_nam4_3_ 
        from
            t_test_connection testentity0_
2025-07-01 03:05:02 [http-nio-8080-exec-5] DEBUG org.hibernate.SQL - 
    /* SELECT
        t 
    FROM
        TestEntity t 
    ORDER BY
        t.createdTime DESC */ select
            testentity0_.id as id1_3_,
            testentity0_.created_time as created_2_3_,
            testentity0_.test_message as test_mes3_3_,
            testentity0_.test_name as test_nam4_3_ 
        from
            t_test_connection testentity0_ 
        order by
            testentity0_.created_time DESC
2025-07-01 03:05:02 [http-nio-8080-exec-5] DEBUG org.hibernate.SQL - 
    /* select
        count(*) 
    from
        TestEntity x */ select
            count(*) as col_0_0_ 
        from
            t_test_connection testentity0_
2025-07-01 03:05:04 [http-nio-8080-exec-7] DEBUG org.hibernate.SQL - 
    /* insert demo.backed.entity.TestEntity
        */ insert 
        into
            t_test_connection
            (created_time, test_message, test_name) 
        values
            (?, ?, ?)
2025-07-01 03:05:04 [http-nio-8080-exec-7] TRACE o.h.type.descriptor.sql.BasicBinder - binding parameter [1] as [TIMESTAMP] - [2025-07-01T03:05:04.171]
2025-07-01 03:05:04 [http-nio-8080-exec-7] TRACE o.h.type.descriptor.sql.BasicBinder - binding parameter [2] as [VARCHAR] - [PostgreSQL连接成功，JPA工作正常！]
2025-07-01 03:05:04 [http-nio-8080-exec-7] TRACE o.h.type.descriptor.sql.BasicBinder - binding parameter [3] as [VARCHAR] - [数据库连接测试]
2025-07-01 03:05:04 [http-nio-8080-exec-7] DEBUG org.hibernate.SQL - 
    /* select
        generatedAlias0 
    from
        TestEntity as generatedAlias0 */ select
            testentity0_.id as id1_3_,
            testentity0_.created_time as created_2_3_,
            testentity0_.test_message as test_mes3_3_,
            testentity0_.test_name as test_nam4_3_ 
        from
            t_test_connection testentity0_
2025-07-01 03:05:04 [http-nio-8080-exec-7] DEBUG org.hibernate.SQL - 
    /* SELECT
        COUNT(t) 
    FROM
        TestEntity t */ select
            count(testentity0_.id) as col_0_0_ 
        from
            t_test_connection testentity0_
2025-07-01 03:06:28 [http-nio-8080-exec-3] DEBUG org.hibernate.SQL - 
    /* select
        generatedAlias0 
    from
        TestEntity as generatedAlias0 */ select
            testentity0_.id as id1_3_,
            testentity0_.created_time as created_2_3_,
            testentity0_.test_message as test_mes3_3_,
            testentity0_.test_name as test_nam4_3_ 
        from
            t_test_connection testentity0_
2025-07-01 03:06:28 [http-nio-8080-exec-3] DEBUG org.hibernate.SQL - 
    /* SELECT
        t 
    FROM
        TestEntity t 
    ORDER BY
        t.createdTime DESC */ select
            testentity0_.id as id1_3_,
            testentity0_.created_time as created_2_3_,
            testentity0_.test_message as test_mes3_3_,
            testentity0_.test_name as test_nam4_3_ 
        from
            t_test_connection testentity0_ 
        order by
            testentity0_.created_time DESC
2025-07-01 03:06:28 [http-nio-8080-exec-3] DEBUG org.hibernate.SQL - 
    /* select
        count(*) 
    from
        TestEntity x */ select
            count(*) as col_0_0_ 
        from
            t_test_connection testentity0_
2025-07-01 03:11:20 [http-nio-8080-exec-5] DEBUG org.hibernate.SQL - 
    /* select
        generatedAlias0 
    from
        TestEntity as generatedAlias0 */ select
            testentity0_.id as id1_3_,
            testentity0_.created_time as created_2_3_,
            testentity0_.test_message as test_mes3_3_,
            testentity0_.test_name as test_nam4_3_ 
        from
            t_test_connection testentity0_
2025-07-01 03:11:20 [http-nio-8080-exec-5] DEBUG org.hibernate.SQL - 
    /* SELECT
        t 
    FROM
        TestEntity t 
    ORDER BY
        t.createdTime DESC */ select
            testentity0_.id as id1_3_,
            testentity0_.created_time as created_2_3_,
            testentity0_.test_message as test_mes3_3_,
            testentity0_.test_name as test_nam4_3_ 
        from
            t_test_connection testentity0_ 
        order by
            testentity0_.created_time DESC
2025-07-01 03:11:20 [http-nio-8080-exec-5] DEBUG org.hibernate.SQL - 
    /* select
        count(*) 
    from
        TestEntity x */ select
            count(*) as col_0_0_ 
        from
            t_test_connection testentity0_
2025-07-01 03:11:54 [http-nio-8080-exec-2] ERROR d.b.config.GlobalExceptionHandler - 系统异常: 
org.springframework.web.HttpRequestMethodNotSupportedException: Request method 'GET' not supported
	at org.springframework.web.servlet.mvc.method.RequestMappingInfoHandlerMapping.handleNoMatch(RequestMappingInfoHandlerMapping.java:260)
	at org.springframework.web.servlet.handler.AbstractHandlerMethodMapping.lookupHandlerMethod(AbstractHandlerMethodMapping.java:442)
	at org.springframework.web.servlet.handler.AbstractHandlerMethodMapping.getHandlerInternal(AbstractHandlerMethodMapping.java:383)
	at org.springframework.web.servlet.mvc.method.RequestMappingInfoHandlerMapping.getHandlerInternal(RequestMappingInfoHandlerMapping.java:125)
	at org.springframework.web.servlet.mvc.method.RequestMappingInfoHandlerMapping.getHandlerInternal(RequestMappingInfoHandlerMapping.java:67)
	at org.springframework.web.servlet.handler.AbstractHandlerMapping.getHandler(AbstractHandlerMapping.java:498)
	at org.springframework.web.servlet.DispatcherServlet.getHandler(DispatcherServlet.java:1266)
	at org.springframework.web.servlet.DispatcherServlet.doDispatch(DispatcherServlet.java:1048)
	at org.springframework.web.servlet.DispatcherServlet.doService(DispatcherServlet.java:965)
	at org.springframework.web.servlet.FrameworkServlet.processRequest(FrameworkServlet.java:1006)
	at org.springframework.web.servlet.FrameworkServlet.doGet(FrameworkServlet.java:898)
	at javax.servlet.http.HttpServlet.service(HttpServlet.java:529)
	at org.springframework.web.servlet.FrameworkServlet.service(FrameworkServlet.java:883)
	at javax.servlet.http.HttpServlet.service(HttpServlet.java:623)
	at org.apache.catalina.core.ApplicationFilterChain.internalDoFilter(ApplicationFilterChain.java:209)
	at org.apache.catalina.core.ApplicationFilterChain.doFilter(ApplicationFilterChain.java:153)
	at org.apache.tomcat.websocket.server.WsFilter.doFilter(WsFilter.java:51)
	at org.apache.catalina.core.ApplicationFilterChain.internalDoFilter(ApplicationFilterChain.java:178)
	at org.apache.catalina.core.ApplicationFilterChain.doFilter(ApplicationFilterChain.java:153)
	at org.springframework.web.filter.OncePerRequestFilter.doFilter(OncePerRequestFilter.java:102)
	at org.apache.catalina.core.ApplicationFilterChain.internalDoFilter(ApplicationFilterChain.java:178)
	at org.apache.catalina.core.ApplicationFilterChain.doFilter(ApplicationFilterChain.java:153)
	at org.springframework.security.web.FilterChainProxy$VirtualFilterChain.doFilter(FilterChainProxy.java:337)
	at org.springframework.security.web.access.intercept.FilterSecurityInterceptor.invoke(FilterSecurityInterceptor.java:115)
	at org.springframework.security.web.access.intercept.FilterSecurityInterceptor.doFilter(FilterSecurityInterceptor.java:81)
	at org.springframework.security.web.FilterChainProxy$VirtualFilterChain.doFilter(FilterChainProxy.java:346)
	at org.springframework.security.web.access.ExceptionTranslationFilter.doFilter(ExceptionTranslationFilter.java:122)
	at org.springframework.security.web.access.ExceptionTranslationFilter.doFilter(ExceptionTranslationFilter.java:116)
	at org.springframework.security.web.FilterChainProxy$VirtualFilterChain.doFilter(FilterChainProxy.java:346)
	at org.springframework.security.web.session.SessionManagementFilter.doFilter(SessionManagementFilter.java:126)
	at org.springframework.security.web.session.SessionManagementFilter.doFilter(SessionManagementFilter.java:81)
	at org.springframework.security.web.FilterChainProxy$VirtualFilterChain.doFilter(FilterChainProxy.java:346)
	at org.springframework.security.web.authentication.AnonymousAuthenticationFilter.doFilter(AnonymousAuthenticationFilter.java:109)
	at org.springframework.security.web.FilterChainProxy$VirtualFilterChain.doFilter(FilterChainProxy.java:346)
	at org.springframework.security.web.servletapi.SecurityContextHolderAwareRequestFilter.doFilter(SecurityContextHolderAwareRequestFilter.java:149)
	at org.springframework.security.web.FilterChainProxy$VirtualFilterChain.doFilter(FilterChainProxy.java:346)
	at org.springframework.security.web.savedrequest.RequestCacheAwareFilter.doFilter(RequestCacheAwareFilter.java:63)
	at org.springframework.security.web.FilterChainProxy$VirtualFilterChain.doFilter(FilterChainProxy.java:346)
	at org.springframework.web.filter.OncePerRequestFilter.doFilter(OncePerRequestFilter.java:102)
	at org.springframework.security.web.FilterChainProxy$VirtualFilterChain.doFilter(FilterChainProxy.java:346)
	at org.springframework.security.web.authentication.logout.LogoutFilter.doFilter(LogoutFilter.java:103)
	at org.springframework.security.web.authentication.logout.LogoutFilter.doFilter(LogoutFilter.java:89)
	at org.springframework.security.web.FilterChainProxy$VirtualFilterChain.doFilter(FilterChainProxy.java:346)
	at org.springframework.web.filter.CorsFilter.doFilterInternal(CorsFilter.java:91)
	at org.springframework.web.filter.OncePerRequestFilter.doFilter(OncePerRequestFilter.java:117)
	at org.springframework.security.web.FilterChainProxy$VirtualFilterChain.doFilter(FilterChainProxy.java:346)
	at org.springframework.security.web.header.HeaderWriterFilter.doHeadersAfter(HeaderWriterFilter.java:90)
	at org.springframework.security.web.header.HeaderWriterFilter.doFilterInternal(HeaderWriterFilter.java:75)
	at org.springframework.web.filter.OncePerRequestFilter.doFilter(OncePerRequestFilter.java:117)
	at org.springframework.security.web.FilterChainProxy$VirtualFilterChain.doFilter(FilterChainProxy.java:346)
	at org.springframework.security.web.context.SecurityContextPersistenceFilter.doFilter(SecurityContextPersistenceFilter.java:112)
	at org.springframework.security.web.context.SecurityContextPersistenceFilter.doFilter(SecurityContextPersistenceFilter.java:82)
	at org.springframework.security.web.FilterChainProxy$VirtualFilterChain.doFilter(FilterChainProxy.java:346)
	at org.springframework.security.web.context.request.async.WebAsyncManagerIntegrationFilter.doFilterInternal(WebAsyncManagerIntegrationFilter.java:55)
	at org.springframework.web.filter.OncePerRequestFilter.doFilter(OncePerRequestFilter.java:117)
	at org.springframework.security.web.FilterChainProxy$VirtualFilterChain.doFilter(FilterChainProxy.java:346)
	at org.springframework.security.web.session.DisableEncodeUrlFilter.doFilterInternal(DisableEncodeUrlFilter.java:42)
	at org.springframework.web.filter.OncePerRequestFilter.doFilter(OncePerRequestFilter.java:117)
	at org.springframework.security.web.FilterChainProxy$VirtualFilterChain.doFilter(FilterChainProxy.java:346)
	at org.springframework.security.web.FilterChainProxy.doFilterInternal(FilterChainProxy.java:221)
	at org.springframework.security.web.FilterChainProxy.doFilter(FilterChainProxy.java:186)
	at org.springframework.web.filter.DelegatingFilterProxy.invokeDelegate(DelegatingFilterProxy.java:354)
	at org.springframework.web.filter.DelegatingFilterProxy.doFilter(DelegatingFilterProxy.java:267)
	at org.apache.catalina.core.ApplicationFilterChain.internalDoFilter(ApplicationFilterChain.java:178)
	at org.apache.catalina.core.ApplicationFilterChain.doFilter(ApplicationFilterChain.java:153)
	at org.springframework.web.filter.RequestContextFilter.doFilterInternal(RequestContextFilter.java:100)
	at org.springframework.web.filter.OncePerRequestFilter.doFilter(OncePerRequestFilter.java:117)
	at org.apache.catalina.core.ApplicationFilterChain.internalDoFilter(ApplicationFilterChain.java:178)
	at org.apache.catalina.core.ApplicationFilterChain.doFilter(ApplicationFilterChain.java:153)
	at org.springframework.web.filter.FormContentFilter.doFilterInternal(FormContentFilter.java:93)
	at org.springframework.web.filter.OncePerRequestFilter.doFilter(OncePerRequestFilter.java:117)
	at org.apache.catalina.core.ApplicationFilterChain.internalDoFilter(ApplicationFilterChain.java:178)
	at org.apache.catalina.core.ApplicationFilterChain.doFilter(ApplicationFilterChain.java:153)
	at org.springframework.web.filter.CharacterEncodingFilter.doFilterInternal(CharacterEncodingFilter.java:201)
	at org.springframework.web.filter.OncePerRequestFilter.doFilter(OncePerRequestFilter.java:117)
	at org.apache.catalina.core.ApplicationFilterChain.internalDoFilter(ApplicationFilterChain.java:178)
	at org.apache.catalina.core.ApplicationFilterChain.doFilter(ApplicationFilterChain.java:153)
	at org.apache.catalina.core.StandardWrapperValve.invoke(StandardWrapperValve.java:168)
	at org.apache.catalina.core.StandardContextValve.invoke(StandardContextValve.java:90)
	at org.apache.catalina.authenticator.AuthenticatorBase.invoke(AuthenticatorBase.java:481)
	at org.apache.catalina.core.StandardHostValve.invoke(StandardHostValve.java:130)
	at org.apache.catalina.valves.ErrorReportValve.invoke(ErrorReportValve.java:93)
	at org.apache.catalina.core.StandardEngineValve.invoke(StandardEngineValve.java:74)
	at org.apache.catalina.connector.CoyoteAdapter.service(CoyoteAdapter.java:342)
	at org.apache.coyote.http11.Http11Processor.service(Http11Processor.java:390)
	at org.apache.coyote.AbstractProcessorLight.process(AbstractProcessorLight.java:63)
	at org.apache.coyote.AbstractProtocol$ConnectionHandler.process(AbstractProtocol.java:928)
	at org.apache.tomcat.util.net.NioEndpoint$SocketProcessor.doRun(NioEndpoint.java:1794)
	at org.apache.tomcat.util.net.SocketProcessorBase.run(SocketProcessorBase.java:52)
	at org.apache.tomcat.util.threads.ThreadPoolExecutor.runWorker(ThreadPoolExecutor.java:1191)
	at org.apache.tomcat.util.threads.ThreadPoolExecutor$Worker.run(ThreadPoolExecutor.java:659)
	at org.apache.tomcat.util.threads.TaskThread$WrappingRunnable.run(TaskThread.java:61)
	at java.lang.Thread.run(Thread.java:748)
2025-07-01 03:13:48 [http-nio-8080-exec-8] DEBUG d.b.config.JwtAuthenticationFilter - JWT认证成功，用户: admin@hkex.com, 部门: 信息技术部
2025-07-01 03:13:48 [http-nio-8080-exec-8] DEBUG org.hibernate.SQL - 
    /* select
        generatedAlias0 
    from
        User as generatedAlias0 
    order by
        generatedAlias0.createdTime desc */ select
            user0_.id as id1_2_,
            user0_.created_by as created_2_2_,
            user0_.created_time as created_3_2_,
            user0_.department as departme4_2_,
            user0_.email as email5_2_,
            user0_.emergency_contact as emergenc6_2_,
            user0_.emergency_phone as emergenc7_2_,
            user0_.employee_id as employee8_2_,
            user0_.hire_date as hire_dat9_2_,
            user0_.is_online as is_onli10_2_,
            user0_.last_login_time as last_lo11_2_,
            user0_.manager as manager12_2_,
            user0_.notes as notes13_2_,
            user0_.password as passwor14_2_,
            user0_.phone as phone15_2_,
            user0_.position as positio16_2_,
            user0_.status as status17_2_,
            user0_.updated_by as updated18_2_,
            user0_.updated_time as updated19_2_,
            user0_.user_name as user_na20_2_,
            user0_.user_type as user_ty21_2_,
            user0_.work_location as work_lo22_2_ 
        from
            t_poc_users user0_ 
        order by
            user0_.created_time desc limit ?
2025-07-01 03:13:48 [http-nio-8080-exec-8] DEBUG org.hibernate.SQL - 
    /* insert demo.backed.entity.AuditLog
        */ insert 
        into
            t_poc_audit_logs
            (created_by, created_time, is_deleted, updated_by, updated_time, version, department, description, details, ip_address, log_type, module, module_name, new_value, old_value, operation, operation_name, operation_time, resource_id, resource_type, status, user_id, username) 
        values
            (?, ?, ?, ?, ?, ?, ?, ?, ?, ?, ?, ?, ?, ?, ?, ?, ?, ?, ?, ?, ?, ?, ?)
2025-07-01 03:13:48 [http-nio-8080-exec-8] TRACE o.h.type.descriptor.sql.BasicBinder - binding parameter [1] as [VARCHAR] - [admin@hkex.com]
2025-07-01 03:13:48 [http-nio-8080-exec-8] TRACE o.h.type.descriptor.sql.BasicBinder - binding parameter [2] as [TIMESTAMP] - [2025-07-01T03:13:48.629]
2025-07-01 03:13:48 [http-nio-8080-exec-8] TRACE o.h.type.descriptor.sql.BasicBinder - binding parameter [3] as [BOOLEAN] - [false]
2025-07-01 03:13:48 [http-nio-8080-exec-8] TRACE o.h.type.descriptor.sql.BasicBinder - binding parameter [4] as [VARCHAR] - [admin@hkex.com]
2025-07-01 03:13:48 [http-nio-8080-exec-8] TRACE o.h.type.descriptor.sql.BasicBinder - binding parameter [5] as [TIMESTAMP] - [2025-07-01T03:13:48.629]
2025-07-01 03:13:48 [http-nio-8080-exec-8] TRACE o.h.type.descriptor.sql.BasicBinder - binding parameter [6] as [BIGINT] - [0]
2025-07-01 03:13:48 [http-nio-8080-exec-8] TRACE o.h.type.descriptor.sql.BasicBinder - binding parameter [7] as [VARCHAR] - [null]
2025-07-01 03:13:48 [http-nio-8080-exec-8] TRACE o.h.type.descriptor.sql.BasicBinder - binding parameter [8] as [VARCHAR] - [查询用户列表 - 页码:0, 大小:100, 关键词:, 部门:, 状态:, 类型:]
2025-07-01 03:13:48 [http-nio-8080-exec-8] TRACE o.h.type.descriptor.sql.BasicBinder - binding parameter [9] as [VARCHAR] - [null]
2025-07-01 03:13:48 [http-nio-8080-exec-8] TRACE o.h.type.descriptor.sql.BasicBinder - binding parameter [10] as [VARCHAR] - [39.144.137.72]
2025-07-01 03:13:48 [http-nio-8080-exec-8] TRACE o.h.type.descriptor.sql.BasicBinder - binding parameter [11] as [VARCHAR] - [SYSTEM]
2025-07-01 03:13:48 [http-nio-8080-exec-8] TRACE o.h.type.descriptor.sql.BasicBinder - binding parameter [12] as [VARCHAR] - [USER]
2025-07-01 03:13:48 [http-nio-8080-exec-8] TRACE o.h.type.descriptor.sql.BasicBinder - binding parameter [13] as [VARCHAR] - [用户管理]
2025-07-01 03:13:48 [http-nio-8080-exec-8] TRACE o.h.type.descriptor.sql.BasicBinder - binding parameter [14] as [VARCHAR] - [null]
2025-07-01 03:13:48 [http-nio-8080-exec-8] TRACE o.h.type.descriptor.sql.BasicBinder - binding parameter [15] as [VARCHAR] - [null]
2025-07-01 03:13:48 [http-nio-8080-exec-8] TRACE o.h.type.descriptor.sql.BasicBinder - binding parameter [16] as [VARCHAR] - [QUERY]
2025-07-01 03:13:48 [http-nio-8080-exec-8] TRACE o.h.type.descriptor.sql.BasicBinder - binding parameter [17] as [VARCHAR] - [查询]
2025-07-01 03:13:48 [http-nio-8080-exec-8] TRACE o.h.type.descriptor.sql.BasicBinder - binding parameter [18] as [TIMESTAMP] - [2025-07-01T03:13:48.629]
2025-07-01 03:13:48 [http-nio-8080-exec-8] TRACE o.h.type.descriptor.sql.BasicBinder - binding parameter [19] as [VARCHAR] - [null]
2025-07-01 03:13:48 [http-nio-8080-exec-8] TRACE o.h.type.descriptor.sql.BasicBinder - binding parameter [20] as [VARCHAR] - [null]
2025-07-01 03:13:48 [http-nio-8080-exec-8] TRACE o.h.type.descriptor.sql.BasicBinder - binding parameter [21] as [VARCHAR] - [SUCCESS]
2025-07-01 03:13:48 [http-nio-8080-exec-8] TRACE o.h.type.descriptor.sql.BasicBinder - binding parameter [22] as [BIGINT] - [null]
2025-07-01 03:13:48 [http-nio-8080-exec-8] TRACE o.h.type.descriptor.sql.BasicBinder - binding parameter [23] as [VARCHAR] - [null]
2025-07-01 03:13:51 [http-nio-8080-exec-9] DEBUG d.b.config.JwtAuthenticationFilter - JWT认证成功，用户: admin@hkex.com, 部门: 信息技术部
2025-07-01 03:13:51 [http-nio-8080-exec-9] DEBUG org.hibernate.SQL - 
    /* select
        generatedAlias0 
    from
        User as generatedAlias0 
    order by
        generatedAlias0.createdTime desc */ select
            user0_.id as id1_2_,
            user0_.created_by as created_2_2_,
            user0_.created_time as created_3_2_,
            user0_.department as departme4_2_,
            user0_.email as email5_2_,
            user0_.emergency_contact as emergenc6_2_,
            user0_.emergency_phone as emergenc7_2_,
            user0_.employee_id as employee8_2_,
            user0_.hire_date as hire_dat9_2_,
            user0_.is_online as is_onli10_2_,
            user0_.last_login_time as last_lo11_2_,
            user0_.manager as manager12_2_,
            user0_.notes as notes13_2_,
            user0_.password as passwor14_2_,
            user0_.phone as phone15_2_,
            user0_.position as positio16_2_,
            user0_.status as status17_2_,
            user0_.updated_by as updated18_2_,
            user0_.updated_time as updated19_2_,
            user0_.user_name as user_na20_2_,
            user0_.user_type as user_ty21_2_,
            user0_.work_location as work_lo22_2_ 
        from
            t_poc_users user0_ 
        order by
            user0_.created_time desc limit ?
2025-07-01 03:13:51 [http-nio-8080-exec-9] DEBUG org.hibernate.SQL - 
    /* insert demo.backed.entity.AuditLog
        */ insert 
        into
            t_poc_audit_logs
            (created_by, created_time, is_deleted, updated_by, updated_time, version, department, description, details, ip_address, log_type, module, module_name, new_value, old_value, operation, operation_name, operation_time, resource_id, resource_type, status, user_id, username) 
        values
            (?, ?, ?, ?, ?, ?, ?, ?, ?, ?, ?, ?, ?, ?, ?, ?, ?, ?, ?, ?, ?, ?, ?)
2025-07-01 03:13:51 [http-nio-8080-exec-9] TRACE o.h.type.descriptor.sql.BasicBinder - binding parameter [1] as [VARCHAR] - [admin@hkex.com]
2025-07-01 03:13:51 [http-nio-8080-exec-9] TRACE o.h.type.descriptor.sql.BasicBinder - binding parameter [2] as [TIMESTAMP] - [2025-07-01T03:13:51.357]
2025-07-01 03:13:51 [http-nio-8080-exec-9] TRACE o.h.type.descriptor.sql.BasicBinder - binding parameter [3] as [BOOLEAN] - [false]
2025-07-01 03:13:51 [http-nio-8080-exec-9] TRACE o.h.type.descriptor.sql.BasicBinder - binding parameter [4] as [VARCHAR] - [admin@hkex.com]
2025-07-01 03:13:51 [http-nio-8080-exec-9] TRACE o.h.type.descriptor.sql.BasicBinder - binding parameter [5] as [TIMESTAMP] - [2025-07-01T03:13:51.357]
2025-07-01 03:13:51 [http-nio-8080-exec-9] TRACE o.h.type.descriptor.sql.BasicBinder - binding parameter [6] as [BIGINT] - [0]
2025-07-01 03:13:51 [http-nio-8080-exec-9] TRACE o.h.type.descriptor.sql.BasicBinder - binding parameter [7] as [VARCHAR] - [null]
2025-07-01 03:13:51 [http-nio-8080-exec-9] TRACE o.h.type.descriptor.sql.BasicBinder - binding parameter [8] as [VARCHAR] - [查询用户列表 - 页码:0, 大小:100, 关键词:, 部门:, 状态:, 类型:]
2025-07-01 03:13:51 [http-nio-8080-exec-9] TRACE o.h.type.descriptor.sql.BasicBinder - binding parameter [9] as [VARCHAR] - [null]
2025-07-01 03:13:51 [http-nio-8080-exec-9] TRACE o.h.type.descriptor.sql.BasicBinder - binding parameter [10] as [VARCHAR] - [39.144.137.72]
2025-07-01 03:13:51 [http-nio-8080-exec-9] TRACE o.h.type.descriptor.sql.BasicBinder - binding parameter [11] as [VARCHAR] - [SYSTEM]
2025-07-01 03:13:51 [http-nio-8080-exec-9] TRACE o.h.type.descriptor.sql.BasicBinder - binding parameter [12] as [VARCHAR] - [USER]
2025-07-01 03:13:51 [http-nio-8080-exec-9] TRACE o.h.type.descriptor.sql.BasicBinder - binding parameter [13] as [VARCHAR] - [用户管理]
2025-07-01 03:13:51 [http-nio-8080-exec-9] TRACE o.h.type.descriptor.sql.BasicBinder - binding parameter [14] as [VARCHAR] - [null]
2025-07-01 03:13:51 [http-nio-8080-exec-9] TRACE o.h.type.descriptor.sql.BasicBinder - binding parameter [15] as [VARCHAR] - [null]
2025-07-01 03:13:51 [http-nio-8080-exec-9] TRACE o.h.type.descriptor.sql.BasicBinder - binding parameter [16] as [VARCHAR] - [QUERY]
2025-07-01 03:13:51 [http-nio-8080-exec-9] TRACE o.h.type.descriptor.sql.BasicBinder - binding parameter [17] as [VARCHAR] - [查询]
2025-07-01 03:13:51 [http-nio-8080-exec-9] TRACE o.h.type.descriptor.sql.BasicBinder - binding parameter [18] as [TIMESTAMP] - [2025-07-01T03:13:51.356]
2025-07-01 03:13:51 [http-nio-8080-exec-9] TRACE o.h.type.descriptor.sql.BasicBinder - binding parameter [19] as [VARCHAR] - [null]
2025-07-01 03:13:51 [http-nio-8080-exec-9] TRACE o.h.type.descriptor.sql.BasicBinder - binding parameter [20] as [VARCHAR] - [null]
2025-07-01 03:13:51 [http-nio-8080-exec-9] TRACE o.h.type.descriptor.sql.BasicBinder - binding parameter [21] as [VARCHAR] - [SUCCESS]
2025-07-01 03:13:51 [http-nio-8080-exec-9] TRACE o.h.type.descriptor.sql.BasicBinder - binding parameter [22] as [BIGINT] - [null]
2025-07-01 03:13:51 [http-nio-8080-exec-9] TRACE o.h.type.descriptor.sql.BasicBinder - binding parameter [23] as [VARCHAR] - [null]
2025-07-01 03:13:53 [http-nio-8080-exec-10] DEBUG d.b.config.JwtAuthenticationFilter - JWT认证成功，用户: admin@hkex.com, 部门: 信息技术部
2025-07-01 03:13:53 [http-nio-8080-exec-10] DEBUG org.hibernate.SQL - 
    /* select
        generatedAlias0 
    from
        User as generatedAlias0 
    order by
        generatedAlias0.createdTime desc */ select
            user0_.id as id1_2_,
            user0_.created_by as created_2_2_,
            user0_.created_time as created_3_2_,
            user0_.department as departme4_2_,
            user0_.email as email5_2_,
            user0_.emergency_contact as emergenc6_2_,
            user0_.emergency_phone as emergenc7_2_,
            user0_.employee_id as employee8_2_,
            user0_.hire_date as hire_dat9_2_,
            user0_.is_online as is_onli10_2_,
            user0_.last_login_time as last_lo11_2_,
            user0_.manager as manager12_2_,
            user0_.notes as notes13_2_,
            user0_.password as passwor14_2_,
            user0_.phone as phone15_2_,
            user0_.position as positio16_2_,
            user0_.status as status17_2_,
            user0_.updated_by as updated18_2_,
            user0_.updated_time as updated19_2_,
            user0_.user_name as user_na20_2_,
            user0_.user_type as user_ty21_2_,
            user0_.work_location as work_lo22_2_ 
        from
            t_poc_users user0_ 
        order by
            user0_.created_time desc limit ?
2025-07-01 03:13:53 [http-nio-8080-exec-10] DEBUG org.hibernate.SQL - 
    /* insert demo.backed.entity.AuditLog
        */ insert 
        into
            t_poc_audit_logs
            (created_by, created_time, is_deleted, updated_by, updated_time, version, department, description, details, ip_address, log_type, module, module_name, new_value, old_value, operation, operation_name, operation_time, resource_id, resource_type, status, user_id, username) 
        values
            (?, ?, ?, ?, ?, ?, ?, ?, ?, ?, ?, ?, ?, ?, ?, ?, ?, ?, ?, ?, ?, ?, ?)
2025-07-01 03:13:53 [http-nio-8080-exec-10] TRACE o.h.type.descriptor.sql.BasicBinder - binding parameter [1] as [VARCHAR] - [admin@hkex.com]
2025-07-01 03:13:53 [http-nio-8080-exec-10] TRACE o.h.type.descriptor.sql.BasicBinder - binding parameter [2] as [TIMESTAMP] - [2025-07-01T03:13:53.539]
2025-07-01 03:13:53 [http-nio-8080-exec-10] TRACE o.h.type.descriptor.sql.BasicBinder - binding parameter [3] as [BOOLEAN] - [false]
2025-07-01 03:13:53 [http-nio-8080-exec-10] TRACE o.h.type.descriptor.sql.BasicBinder - binding parameter [4] as [VARCHAR] - [admin@hkex.com]
2025-07-01 03:13:53 [http-nio-8080-exec-10] TRACE o.h.type.descriptor.sql.BasicBinder - binding parameter [5] as [TIMESTAMP] - [2025-07-01T03:13:53.539]
2025-07-01 03:13:53 [http-nio-8080-exec-10] TRACE o.h.type.descriptor.sql.BasicBinder - binding parameter [6] as [BIGINT] - [0]
2025-07-01 03:13:53 [http-nio-8080-exec-10] TRACE o.h.type.descriptor.sql.BasicBinder - binding parameter [7] as [VARCHAR] - [null]
2025-07-01 03:13:53 [http-nio-8080-exec-10] TRACE o.h.type.descriptor.sql.BasicBinder - binding parameter [8] as [VARCHAR] - [查询用户列表 - 页码:0, 大小:100, 关键词:, 部门:, 状态:, 类型:]
2025-07-01 03:13:53 [http-nio-8080-exec-10] TRACE o.h.type.descriptor.sql.BasicBinder - binding parameter [9] as [VARCHAR] - [null]
2025-07-01 03:13:53 [http-nio-8080-exec-10] TRACE o.h.type.descriptor.sql.BasicBinder - binding parameter [10] as [VARCHAR] - [39.144.137.72]
2025-07-01 03:13:53 [http-nio-8080-exec-10] TRACE o.h.type.descriptor.sql.BasicBinder - binding parameter [11] as [VARCHAR] - [SYSTEM]
2025-07-01 03:13:53 [http-nio-8080-exec-10] TRACE o.h.type.descriptor.sql.BasicBinder - binding parameter [12] as [VARCHAR] - [USER]
2025-07-01 03:13:53 [http-nio-8080-exec-10] TRACE o.h.type.descriptor.sql.BasicBinder - binding parameter [13] as [VARCHAR] - [用户管理]
2025-07-01 03:13:53 [http-nio-8080-exec-10] TRACE o.h.type.descriptor.sql.BasicBinder - binding parameter [14] as [VARCHAR] - [null]
2025-07-01 03:13:53 [http-nio-8080-exec-10] TRACE o.h.type.descriptor.sql.BasicBinder - binding parameter [15] as [VARCHAR] - [null]
2025-07-01 03:13:53 [http-nio-8080-exec-10] TRACE o.h.type.descriptor.sql.BasicBinder - binding parameter [16] as [VARCHAR] - [QUERY]
2025-07-01 03:13:53 [http-nio-8080-exec-10] TRACE o.h.type.descriptor.sql.BasicBinder - binding parameter [17] as [VARCHAR] - [查询]
2025-07-01 03:13:53 [http-nio-8080-exec-10] TRACE o.h.type.descriptor.sql.BasicBinder - binding parameter [18] as [TIMESTAMP] - [2025-07-01T03:13:53.538]
2025-07-01 03:13:53 [http-nio-8080-exec-10] TRACE o.h.type.descriptor.sql.BasicBinder - binding parameter [19] as [VARCHAR] - [null]
2025-07-01 03:13:53 [http-nio-8080-exec-10] TRACE o.h.type.descriptor.sql.BasicBinder - binding parameter [20] as [VARCHAR] - [null]
2025-07-01 03:13:53 [http-nio-8080-exec-10] TRACE o.h.type.descriptor.sql.BasicBinder - binding parameter [21] as [VARCHAR] - [SUCCESS]
2025-07-01 03:13:53 [http-nio-8080-exec-10] TRACE o.h.type.descriptor.sql.BasicBinder - binding parameter [22] as [BIGINT] - [null]
2025-07-01 03:13:53 [http-nio-8080-exec-10] TRACE o.h.type.descriptor.sql.BasicBinder - binding parameter [23] as [VARCHAR] - [null]
2025-07-01 03:15:02 [http-nio-8080-exec-6] DEBUG d.b.config.JwtAuthenticationFilter - JWT认证成功，用户: admin@hkex.com, 部门: 信息技术部
2025-07-01 03:15:02 [http-nio-8080-exec-6] DEBUG org.hibernate.SQL - 
    /* select
        generatedAlias0 
    from
        User as generatedAlias0 
    order by
        generatedAlias0.createdTime desc */ select
            user0_.id as id1_2_,
            user0_.created_by as created_2_2_,
            user0_.created_time as created_3_2_,
            user0_.department as departme4_2_,
            user0_.email as email5_2_,
            user0_.emergency_contact as emergenc6_2_,
            user0_.emergency_phone as emergenc7_2_,
            user0_.employee_id as employee8_2_,
            user0_.hire_date as hire_dat9_2_,
            user0_.is_online as is_onli10_2_,
            user0_.last_login_time as last_lo11_2_,
            user0_.manager as manager12_2_,
            user0_.notes as notes13_2_,
            user0_.password as passwor14_2_,
            user0_.phone as phone15_2_,
            user0_.position as positio16_2_,
            user0_.status as status17_2_,
            user0_.updated_by as updated18_2_,
            user0_.updated_time as updated19_2_,
            user0_.user_name as user_na20_2_,
            user0_.user_type as user_ty21_2_,
            user0_.work_location as work_lo22_2_ 
        from
            t_poc_users user0_ 
        order by
            user0_.created_time desc limit ?
2025-07-01 03:15:02 [http-nio-8080-exec-6] DEBUG org.hibernate.SQL - 
    /* insert demo.backed.entity.AuditLog
        */ insert 
        into
            t_poc_audit_logs
            (created_by, created_time, is_deleted, updated_by, updated_time, version, department, description, details, ip_address, log_type, module, module_name, new_value, old_value, operation, operation_name, operation_time, resource_id, resource_type, status, user_id, username) 
        values
            (?, ?, ?, ?, ?, ?, ?, ?, ?, ?, ?, ?, ?, ?, ?, ?, ?, ?, ?, ?, ?, ?, ?)
2025-07-01 03:15:02 [http-nio-8080-exec-6] TRACE o.h.type.descriptor.sql.BasicBinder - binding parameter [1] as [VARCHAR] - [admin@hkex.com]
2025-07-01 03:15:02 [http-nio-8080-exec-6] TRACE o.h.type.descriptor.sql.BasicBinder - binding parameter [2] as [TIMESTAMP] - [2025-07-01T03:15:02.771]
2025-07-01 03:15:02 [http-nio-8080-exec-6] TRACE o.h.type.descriptor.sql.BasicBinder - binding parameter [3] as [BOOLEAN] - [false]
2025-07-01 03:15:02 [http-nio-8080-exec-6] TRACE o.h.type.descriptor.sql.BasicBinder - binding parameter [4] as [VARCHAR] - [admin@hkex.com]
2025-07-01 03:15:02 [http-nio-8080-exec-6] TRACE o.h.type.descriptor.sql.BasicBinder - binding parameter [5] as [TIMESTAMP] - [2025-07-01T03:15:02.771]
2025-07-01 03:15:02 [http-nio-8080-exec-6] TRACE o.h.type.descriptor.sql.BasicBinder - binding parameter [6] as [BIGINT] - [0]
2025-07-01 03:15:02 [http-nio-8080-exec-6] TRACE o.h.type.descriptor.sql.BasicBinder - binding parameter [7] as [VARCHAR] - [null]
2025-07-01 03:15:02 [http-nio-8080-exec-6] TRACE o.h.type.descriptor.sql.BasicBinder - binding parameter [8] as [VARCHAR] - [查询用户列表 - 页码:0, 大小:100, 关键词:, 部门:, 状态:, 类型:]
2025-07-01 03:15:02 [http-nio-8080-exec-6] TRACE o.h.type.descriptor.sql.BasicBinder - binding parameter [9] as [VARCHAR] - [null]
2025-07-01 03:15:02 [http-nio-8080-exec-6] TRACE o.h.type.descriptor.sql.BasicBinder - binding parameter [10] as [VARCHAR] - [39.144.137.72]
2025-07-01 03:15:02 [http-nio-8080-exec-6] TRACE o.h.type.descriptor.sql.BasicBinder - binding parameter [11] as [VARCHAR] - [SYSTEM]
2025-07-01 03:15:02 [http-nio-8080-exec-6] TRACE o.h.type.descriptor.sql.BasicBinder - binding parameter [12] as [VARCHAR] - [USER]
2025-07-01 03:15:02 [http-nio-8080-exec-6] TRACE o.h.type.descriptor.sql.BasicBinder - binding parameter [13] as [VARCHAR] - [用户管理]
2025-07-01 03:15:02 [http-nio-8080-exec-6] TRACE o.h.type.descriptor.sql.BasicBinder - binding parameter [14] as [VARCHAR] - [null]
2025-07-01 03:15:02 [http-nio-8080-exec-6] TRACE o.h.type.descriptor.sql.BasicBinder - binding parameter [15] as [VARCHAR] - [null]
2025-07-01 03:15:02 [http-nio-8080-exec-6] TRACE o.h.type.descriptor.sql.BasicBinder - binding parameter [16] as [VARCHAR] - [QUERY]
2025-07-01 03:15:02 [http-nio-8080-exec-6] TRACE o.h.type.descriptor.sql.BasicBinder - binding parameter [17] as [VARCHAR] - [查询]
2025-07-01 03:15:02 [http-nio-8080-exec-6] TRACE o.h.type.descriptor.sql.BasicBinder - binding parameter [18] as [TIMESTAMP] - [2025-07-01T03:15:02.770]
2025-07-01 03:15:02 [http-nio-8080-exec-6] TRACE o.h.type.descriptor.sql.BasicBinder - binding parameter [19] as [VARCHAR] - [null]
2025-07-01 03:15:02 [http-nio-8080-exec-6] TRACE o.h.type.descriptor.sql.BasicBinder - binding parameter [20] as [VARCHAR] - [null]
2025-07-01 03:15:02 [http-nio-8080-exec-6] TRACE o.h.type.descriptor.sql.BasicBinder - binding parameter [21] as [VARCHAR] - [SUCCESS]
2025-07-01 03:15:02 [http-nio-8080-exec-6] TRACE o.h.type.descriptor.sql.BasicBinder - binding parameter [22] as [BIGINT] - [null]
2025-07-01 03:15:02 [http-nio-8080-exec-6] TRACE o.h.type.descriptor.sql.BasicBinder - binding parameter [23] as [VARCHAR] - [null]
2025-07-01 03:15:04 [http-nio-8080-exec-8] DEBUG d.b.config.JwtAuthenticationFilter - JWT认证成功，用户: admin@hkex.com, 部门: 信息技术部
2025-07-01 03:15:04 [http-nio-8080-exec-8] DEBUG org.hibernate.SQL - 
    /* select
        generatedAlias0 
    from
        User as generatedAlias0 
    order by
        generatedAlias0.createdTime desc */ select
            user0_.id as id1_2_,
            user0_.created_by as created_2_2_,
            user0_.created_time as created_3_2_,
            user0_.department as departme4_2_,
            user0_.email as email5_2_,
            user0_.emergency_contact as emergenc6_2_,
            user0_.emergency_phone as emergenc7_2_,
            user0_.employee_id as employee8_2_,
            user0_.hire_date as hire_dat9_2_,
            user0_.is_online as is_onli10_2_,
            user0_.last_login_time as last_lo11_2_,
            user0_.manager as manager12_2_,
            user0_.notes as notes13_2_,
            user0_.password as passwor14_2_,
            user0_.phone as phone15_2_,
            user0_.position as positio16_2_,
            user0_.status as status17_2_,
            user0_.updated_by as updated18_2_,
            user0_.updated_time as updated19_2_,
            user0_.user_name as user_na20_2_,
            user0_.user_type as user_ty21_2_,
            user0_.work_location as work_lo22_2_ 
        from
            t_poc_users user0_ 
        order by
            user0_.created_time desc limit ?
2025-07-01 03:15:04 [http-nio-8080-exec-8] DEBUG org.hibernate.SQL - 
    /* insert demo.backed.entity.AuditLog
        */ insert 
        into
            t_poc_audit_logs
            (created_by, created_time, is_deleted, updated_by, updated_time, version, department, description, details, ip_address, log_type, module, module_name, new_value, old_value, operation, operation_name, operation_time, resource_id, resource_type, status, user_id, username) 
        values
            (?, ?, ?, ?, ?, ?, ?, ?, ?, ?, ?, ?, ?, ?, ?, ?, ?, ?, ?, ?, ?, ?, ?)
2025-07-01 03:15:04 [http-nio-8080-exec-8] TRACE o.h.type.descriptor.sql.BasicBinder - binding parameter [1] as [VARCHAR] - [admin@hkex.com]
2025-07-01 03:15:04 [http-nio-8080-exec-8] TRACE o.h.type.descriptor.sql.BasicBinder - binding parameter [2] as [TIMESTAMP] - [2025-07-01T03:15:04.294]
2025-07-01 03:15:04 [http-nio-8080-exec-8] TRACE o.h.type.descriptor.sql.BasicBinder - binding parameter [3] as [BOOLEAN] - [false]
2025-07-01 03:15:04 [http-nio-8080-exec-8] TRACE o.h.type.descriptor.sql.BasicBinder - binding parameter [4] as [VARCHAR] - [admin@hkex.com]
2025-07-01 03:15:04 [http-nio-8080-exec-8] TRACE o.h.type.descriptor.sql.BasicBinder - binding parameter [5] as [TIMESTAMP] - [2025-07-01T03:15:04.294]
2025-07-01 03:15:04 [http-nio-8080-exec-8] TRACE o.h.type.descriptor.sql.BasicBinder - binding parameter [6] as [BIGINT] - [0]
2025-07-01 03:15:04 [http-nio-8080-exec-8] TRACE o.h.type.descriptor.sql.BasicBinder - binding parameter [7] as [VARCHAR] - [null]
2025-07-01 03:15:04 [http-nio-8080-exec-8] TRACE o.h.type.descriptor.sql.BasicBinder - binding parameter [8] as [VARCHAR] - [查询用户列表 - 页码:0, 大小:100, 关键词:, 部门:, 状态:, 类型:]
2025-07-01 03:15:04 [http-nio-8080-exec-8] TRACE o.h.type.descriptor.sql.BasicBinder - binding parameter [9] as [VARCHAR] - [null]
2025-07-01 03:15:04 [http-nio-8080-exec-8] TRACE o.h.type.descriptor.sql.BasicBinder - binding parameter [10] as [VARCHAR] - [39.144.137.72]
2025-07-01 03:15:04 [http-nio-8080-exec-8] TRACE o.h.type.descriptor.sql.BasicBinder - binding parameter [11] as [VARCHAR] - [SYSTEM]
2025-07-01 03:15:04 [http-nio-8080-exec-8] TRACE o.h.type.descriptor.sql.BasicBinder - binding parameter [12] as [VARCHAR] - [USER]
2025-07-01 03:15:04 [http-nio-8080-exec-8] TRACE o.h.type.descriptor.sql.BasicBinder - binding parameter [13] as [VARCHAR] - [用户管理]
2025-07-01 03:15:04 [http-nio-8080-exec-8] TRACE o.h.type.descriptor.sql.BasicBinder - binding parameter [14] as [VARCHAR] - [null]
2025-07-01 03:15:04 [http-nio-8080-exec-8] TRACE o.h.type.descriptor.sql.BasicBinder - binding parameter [15] as [VARCHAR] - [null]
2025-07-01 03:15:04 [http-nio-8080-exec-8] TRACE o.h.type.descriptor.sql.BasicBinder - binding parameter [16] as [VARCHAR] - [QUERY]
2025-07-01 03:15:04 [http-nio-8080-exec-8] TRACE o.h.type.descriptor.sql.BasicBinder - binding parameter [17] as [VARCHAR] - [查询]
2025-07-01 03:15:04 [http-nio-8080-exec-8] TRACE o.h.type.descriptor.sql.BasicBinder - binding parameter [18] as [TIMESTAMP] - [2025-07-01T03:15:04.293]
2025-07-01 03:15:04 [http-nio-8080-exec-8] TRACE o.h.type.descriptor.sql.BasicBinder - binding parameter [19] as [VARCHAR] - [null]
2025-07-01 03:15:04 [http-nio-8080-exec-8] TRACE o.h.type.descriptor.sql.BasicBinder - binding parameter [20] as [VARCHAR] - [null]
2025-07-01 03:15:04 [http-nio-8080-exec-8] TRACE o.h.type.descriptor.sql.BasicBinder - binding parameter [21] as [VARCHAR] - [SUCCESS]
2025-07-01 03:15:04 [http-nio-8080-exec-8] TRACE o.h.type.descriptor.sql.BasicBinder - binding parameter [22] as [BIGINT] - [null]
2025-07-01 03:15:04 [http-nio-8080-exec-8] TRACE o.h.type.descriptor.sql.BasicBinder - binding parameter [23] as [VARCHAR] - [null]
2025-07-01 03:15:05 [http-nio-8080-exec-9] DEBUG d.b.config.JwtAuthenticationFilter - JWT认证成功，用户: admin@hkex.com, 部门: 信息技术部
2025-07-01 03:15:05 [http-nio-8080-exec-9] DEBUG org.hibernate.SQL - 
    /* select
        generatedAlias0 
    from
        User as generatedAlias0 
    order by
        generatedAlias0.createdTime desc */ select
            user0_.id as id1_2_,
            user0_.created_by as created_2_2_,
            user0_.created_time as created_3_2_,
            user0_.department as departme4_2_,
            user0_.email as email5_2_,
            user0_.emergency_contact as emergenc6_2_,
            user0_.emergency_phone as emergenc7_2_,
            user0_.employee_id as employee8_2_,
            user0_.hire_date as hire_dat9_2_,
            user0_.is_online as is_onli10_2_,
            user0_.last_login_time as last_lo11_2_,
            user0_.manager as manager12_2_,
            user0_.notes as notes13_2_,
            user0_.password as passwor14_2_,
            user0_.phone as phone15_2_,
            user0_.position as positio16_2_,
            user0_.status as status17_2_,
            user0_.updated_by as updated18_2_,
            user0_.updated_time as updated19_2_,
            user0_.user_name as user_na20_2_,
            user0_.user_type as user_ty21_2_,
            user0_.work_location as work_lo22_2_ 
        from
            t_poc_users user0_ 
        order by
            user0_.created_time desc limit ?
2025-07-01 03:15:05 [http-nio-8080-exec-9] DEBUG org.hibernate.SQL - 
    /* insert demo.backed.entity.AuditLog
        */ insert 
        into
            t_poc_audit_logs
            (created_by, created_time, is_deleted, updated_by, updated_time, version, department, description, details, ip_address, log_type, module, module_name, new_value, old_value, operation, operation_name, operation_time, resource_id, resource_type, status, user_id, username) 
        values
            (?, ?, ?, ?, ?, ?, ?, ?, ?, ?, ?, ?, ?, ?, ?, ?, ?, ?, ?, ?, ?, ?, ?)
2025-07-01 03:15:05 [http-nio-8080-exec-9] TRACE o.h.type.descriptor.sql.BasicBinder - binding parameter [1] as [VARCHAR] - [admin@hkex.com]
2025-07-01 03:15:05 [http-nio-8080-exec-9] TRACE o.h.type.descriptor.sql.BasicBinder - binding parameter [2] as [TIMESTAMP] - [2025-07-01T03:15:05.198]
2025-07-01 03:15:05 [http-nio-8080-exec-9] TRACE o.h.type.descriptor.sql.BasicBinder - binding parameter [3] as [BOOLEAN] - [false]
2025-07-01 03:15:05 [http-nio-8080-exec-9] TRACE o.h.type.descriptor.sql.BasicBinder - binding parameter [4] as [VARCHAR] - [admin@hkex.com]
2025-07-01 03:15:05 [http-nio-8080-exec-9] TRACE o.h.type.descriptor.sql.BasicBinder - binding parameter [5] as [TIMESTAMP] - [2025-07-01T03:15:05.198]
2025-07-01 03:15:05 [http-nio-8080-exec-9] TRACE o.h.type.descriptor.sql.BasicBinder - binding parameter [6] as [BIGINT] - [0]
2025-07-01 03:15:05 [http-nio-8080-exec-9] TRACE o.h.type.descriptor.sql.BasicBinder - binding parameter [7] as [VARCHAR] - [null]
2025-07-01 03:15:05 [http-nio-8080-exec-9] TRACE o.h.type.descriptor.sql.BasicBinder - binding parameter [8] as [VARCHAR] - [查询用户列表 - 页码:0, 大小:100, 关键词:, 部门:, 状态:, 类型:]
2025-07-01 03:15:05 [http-nio-8080-exec-9] TRACE o.h.type.descriptor.sql.BasicBinder - binding parameter [9] as [VARCHAR] - [null]
2025-07-01 03:15:05 [http-nio-8080-exec-9] TRACE o.h.type.descriptor.sql.BasicBinder - binding parameter [10] as [VARCHAR] - [39.144.137.72]
2025-07-01 03:15:05 [http-nio-8080-exec-9] TRACE o.h.type.descriptor.sql.BasicBinder - binding parameter [11] as [VARCHAR] - [SYSTEM]
2025-07-01 03:15:05 [http-nio-8080-exec-9] TRACE o.h.type.descriptor.sql.BasicBinder - binding parameter [12] as [VARCHAR] - [USER]
2025-07-01 03:15:05 [http-nio-8080-exec-9] TRACE o.h.type.descriptor.sql.BasicBinder - binding parameter [13] as [VARCHAR] - [用户管理]
2025-07-01 03:15:05 [http-nio-8080-exec-9] TRACE o.h.type.descriptor.sql.BasicBinder - binding parameter [14] as [VARCHAR] - [null]
2025-07-01 03:15:05 [http-nio-8080-exec-9] TRACE o.h.type.descriptor.sql.BasicBinder - binding parameter [15] as [VARCHAR] - [null]
2025-07-01 03:15:05 [http-nio-8080-exec-9] TRACE o.h.type.descriptor.sql.BasicBinder - binding parameter [16] as [VARCHAR] - [QUERY]
2025-07-01 03:15:05 [http-nio-8080-exec-9] TRACE o.h.type.descriptor.sql.BasicBinder - binding parameter [17] as [VARCHAR] - [查询]
2025-07-01 03:15:05 [http-nio-8080-exec-9] TRACE o.h.type.descriptor.sql.BasicBinder - binding parameter [18] as [TIMESTAMP] - [2025-07-01T03:15:05.198]
2025-07-01 03:15:05 [http-nio-8080-exec-9] TRACE o.h.type.descriptor.sql.BasicBinder - binding parameter [19] as [VARCHAR] - [null]
2025-07-01 03:15:05 [http-nio-8080-exec-9] TRACE o.h.type.descriptor.sql.BasicBinder - binding parameter [20] as [VARCHAR] - [null]
2025-07-01 03:15:05 [http-nio-8080-exec-9] TRACE o.h.type.descriptor.sql.BasicBinder - binding parameter [21] as [VARCHAR] - [SUCCESS]
2025-07-01 03:15:05 [http-nio-8080-exec-9] TRACE o.h.type.descriptor.sql.BasicBinder - binding parameter [22] as [BIGINT] - [null]
2025-07-01 03:15:05 [http-nio-8080-exec-9] TRACE o.h.type.descriptor.sql.BasicBinder - binding parameter [23] as [VARCHAR] - [null]
2025-07-01 03:15:09 [http-nio-8080-exec-1] DEBUG org.hibernate.SQL - 
    /* select
        generatedAlias0 
    from
        TestEntity as generatedAlias0 */ select
            testentity0_.id as id1_3_,
            testentity0_.created_time as created_2_3_,
            testentity0_.test_message as test_mes3_3_,
            testentity0_.test_name as test_nam4_3_ 
        from
            t_test_connection testentity0_
2025-07-01 03:15:09 [http-nio-8080-exec-1] DEBUG org.hibernate.SQL - 
    /* SELECT
        t 
    FROM
        TestEntity t 
    ORDER BY
        t.createdTime DESC */ select
            testentity0_.id as id1_3_,
            testentity0_.created_time as created_2_3_,
            testentity0_.test_message as test_mes3_3_,
            testentity0_.test_name as test_nam4_3_ 
        from
            t_test_connection testentity0_ 
        order by
            testentity0_.created_time DESC
2025-07-01 03:15:09 [http-nio-8080-exec-1] DEBUG org.hibernate.SQL - 
    /* select
        count(*) 
    from
        TestEntity x */ select
            count(*) as col_0_0_ 
        from
            t_test_connection testentity0_
2025-07-01 03:15:16 [http-nio-8080-exec-5] DEBUG d.b.config.JwtAuthenticationFilter - JWT认证成功，用户: admin@hkex.com, 部门: 信息技术部
2025-07-01 03:15:16 [http-nio-8080-exec-5] DEBUG org.hibernate.SQL - 
    /* select
        generatedAlias0 
    from
        User as generatedAlias0 
    order by
        generatedAlias0.createdTime desc */ select
            user0_.id as id1_2_,
            user0_.created_by as created_2_2_,
            user0_.created_time as created_3_2_,
            user0_.department as departme4_2_,
            user0_.email as email5_2_,
            user0_.emergency_contact as emergenc6_2_,
            user0_.emergency_phone as emergenc7_2_,
            user0_.employee_id as employee8_2_,
            user0_.hire_date as hire_dat9_2_,
            user0_.is_online as is_onli10_2_,
            user0_.last_login_time as last_lo11_2_,
            user0_.manager as manager12_2_,
            user0_.notes as notes13_2_,
            user0_.password as passwor14_2_,
            user0_.phone as phone15_2_,
            user0_.position as positio16_2_,
            user0_.status as status17_2_,
            user0_.updated_by as updated18_2_,
            user0_.updated_time as updated19_2_,
            user0_.user_name as user_na20_2_,
            user0_.user_type as user_ty21_2_,
            user0_.work_location as work_lo22_2_ 
        from
            t_poc_users user0_ 
        order by
            user0_.created_time desc limit ?
2025-07-01 03:15:16 [http-nio-8080-exec-5] DEBUG org.hibernate.SQL - 
    /* insert demo.backed.entity.AuditLog
        */ insert 
        into
            t_poc_audit_logs
            (created_by, created_time, is_deleted, updated_by, updated_time, version, department, description, details, ip_address, log_type, module, module_name, new_value, old_value, operation, operation_name, operation_time, resource_id, resource_type, status, user_id, username) 
        values
            (?, ?, ?, ?, ?, ?, ?, ?, ?, ?, ?, ?, ?, ?, ?, ?, ?, ?, ?, ?, ?, ?, ?)
2025-07-01 03:15:16 [http-nio-8080-exec-5] TRACE o.h.type.descriptor.sql.BasicBinder - binding parameter [1] as [VARCHAR] - [admin@hkex.com]
2025-07-01 03:15:16 [http-nio-8080-exec-5] TRACE o.h.type.descriptor.sql.BasicBinder - binding parameter [2] as [TIMESTAMP] - [2025-07-01T03:15:16.603]
2025-07-01 03:15:16 [http-nio-8080-exec-5] TRACE o.h.type.descriptor.sql.BasicBinder - binding parameter [3] as [BOOLEAN] - [false]
2025-07-01 03:15:16 [http-nio-8080-exec-5] TRACE o.h.type.descriptor.sql.BasicBinder - binding parameter [4] as [VARCHAR] - [admin@hkex.com]
2025-07-01 03:15:16 [http-nio-8080-exec-5] TRACE o.h.type.descriptor.sql.BasicBinder - binding parameter [5] as [TIMESTAMP] - [2025-07-01T03:15:16.603]
2025-07-01 03:15:16 [http-nio-8080-exec-5] TRACE o.h.type.descriptor.sql.BasicBinder - binding parameter [6] as [BIGINT] - [0]
2025-07-01 03:15:16 [http-nio-8080-exec-5] TRACE o.h.type.descriptor.sql.BasicBinder - binding parameter [7] as [VARCHAR] - [null]
2025-07-01 03:15:16 [http-nio-8080-exec-5] TRACE o.h.type.descriptor.sql.BasicBinder - binding parameter [8] as [VARCHAR] - [查询用户列表 - 页码:0, 大小:100, 关键词:, 部门:, 状态:, 类型:]
2025-07-01 03:15:16 [http-nio-8080-exec-5] TRACE o.h.type.descriptor.sql.BasicBinder - binding parameter [9] as [VARCHAR] - [null]
2025-07-01 03:15:16 [http-nio-8080-exec-5] TRACE o.h.type.descriptor.sql.BasicBinder - binding parameter [10] as [VARCHAR] - [39.144.137.72]
2025-07-01 03:15:16 [http-nio-8080-exec-5] TRACE o.h.type.descriptor.sql.BasicBinder - binding parameter [11] as [VARCHAR] - [SYSTEM]
2025-07-01 03:15:16 [http-nio-8080-exec-5] TRACE o.h.type.descriptor.sql.BasicBinder - binding parameter [12] as [VARCHAR] - [USER]
2025-07-01 03:15:16 [http-nio-8080-exec-5] TRACE o.h.type.descriptor.sql.BasicBinder - binding parameter [13] as [VARCHAR] - [用户管理]
2025-07-01 03:15:16 [http-nio-8080-exec-5] TRACE o.h.type.descriptor.sql.BasicBinder - binding parameter [14] as [VARCHAR] - [null]
2025-07-01 03:15:16 [http-nio-8080-exec-5] TRACE o.h.type.descriptor.sql.BasicBinder - binding parameter [15] as [VARCHAR] - [null]
2025-07-01 03:15:16 [http-nio-8080-exec-5] TRACE o.h.type.descriptor.sql.BasicBinder - binding parameter [16] as [VARCHAR] - [QUERY]
2025-07-01 03:15:16 [http-nio-8080-exec-5] TRACE o.h.type.descriptor.sql.BasicBinder - binding parameter [17] as [VARCHAR] - [查询]
2025-07-01 03:15:16 [http-nio-8080-exec-5] TRACE o.h.type.descriptor.sql.BasicBinder - binding parameter [18] as [TIMESTAMP] - [2025-07-01T03:15:16.602]
2025-07-01 03:15:16 [http-nio-8080-exec-5] TRACE o.h.type.descriptor.sql.BasicBinder - binding parameter [19] as [VARCHAR] - [null]
2025-07-01 03:15:16 [http-nio-8080-exec-5] TRACE o.h.type.descriptor.sql.BasicBinder - binding parameter [20] as [VARCHAR] - [null]
2025-07-01 03:15:16 [http-nio-8080-exec-5] TRACE o.h.type.descriptor.sql.BasicBinder - binding parameter [21] as [VARCHAR] - [SUCCESS]
2025-07-01 03:15:16 [http-nio-8080-exec-5] TRACE o.h.type.descriptor.sql.BasicBinder - binding parameter [22] as [BIGINT] - [null]
2025-07-01 03:15:16 [http-nio-8080-exec-5] TRACE o.h.type.descriptor.sql.BasicBinder - binding parameter [23] as [VARCHAR] - [null]
2025-07-01 03:15:17 [http-nio-8080-exec-3] DEBUG d.b.config.JwtAuthenticationFilter - JWT认证成功，用户: admin@hkex.com, 部门: 信息技术部
2025-07-01 03:15:17 [http-nio-8080-exec-3] DEBUG org.hibernate.SQL - 
    /* select
        generatedAlias0 
    from
        User as generatedAlias0 
    order by
        generatedAlias0.createdTime desc */ select
            user0_.id as id1_2_,
            user0_.created_by as created_2_2_,
            user0_.created_time as created_3_2_,
            user0_.department as departme4_2_,
            user0_.email as email5_2_,
            user0_.emergency_contact as emergenc6_2_,
            user0_.emergency_phone as emergenc7_2_,
            user0_.employee_id as employee8_2_,
            user0_.hire_date as hire_dat9_2_,
            user0_.is_online as is_onli10_2_,
            user0_.last_login_time as last_lo11_2_,
            user0_.manager as manager12_2_,
            user0_.notes as notes13_2_,
            user0_.password as passwor14_2_,
            user0_.phone as phone15_2_,
            user0_.position as positio16_2_,
            user0_.status as status17_2_,
            user0_.updated_by as updated18_2_,
            user0_.updated_time as updated19_2_,
            user0_.user_name as user_na20_2_,
            user0_.user_type as user_ty21_2_,
            user0_.work_location as work_lo22_2_ 
        from
            t_poc_users user0_ 
        order by
            user0_.created_time desc limit ?
2025-07-01 03:15:17 [http-nio-8080-exec-3] DEBUG org.hibernate.SQL - 
    /* insert demo.backed.entity.AuditLog
        */ insert 
        into
            t_poc_audit_logs
            (created_by, created_time, is_deleted, updated_by, updated_time, version, department, description, details, ip_address, log_type, module, module_name, new_value, old_value, operation, operation_name, operation_time, resource_id, resource_type, status, user_id, username) 
        values
            (?, ?, ?, ?, ?, ?, ?, ?, ?, ?, ?, ?, ?, ?, ?, ?, ?, ?, ?, ?, ?, ?, ?)
2025-07-01 03:15:17 [http-nio-8080-exec-3] TRACE o.h.type.descriptor.sql.BasicBinder - binding parameter [1] as [VARCHAR] - [admin@hkex.com]
2025-07-01 03:15:17 [http-nio-8080-exec-3] TRACE o.h.type.descriptor.sql.BasicBinder - binding parameter [2] as [TIMESTAMP] - [2025-07-01T03:15:17.512]
2025-07-01 03:15:17 [http-nio-8080-exec-3] TRACE o.h.type.descriptor.sql.BasicBinder - binding parameter [3] as [BOOLEAN] - [false]
2025-07-01 03:15:17 [http-nio-8080-exec-3] TRACE o.h.type.descriptor.sql.BasicBinder - binding parameter [4] as [VARCHAR] - [admin@hkex.com]
2025-07-01 03:15:17 [http-nio-8080-exec-3] TRACE o.h.type.descriptor.sql.BasicBinder - binding parameter [5] as [TIMESTAMP] - [2025-07-01T03:15:17.512]
2025-07-01 03:15:17 [http-nio-8080-exec-3] TRACE o.h.type.descriptor.sql.BasicBinder - binding parameter [6] as [BIGINT] - [0]
2025-07-01 03:15:17 [http-nio-8080-exec-3] TRACE o.h.type.descriptor.sql.BasicBinder - binding parameter [7] as [VARCHAR] - [null]
2025-07-01 03:15:17 [http-nio-8080-exec-3] TRACE o.h.type.descriptor.sql.BasicBinder - binding parameter [8] as [VARCHAR] - [查询用户列表 - 页码:0, 大小:100, 关键词:, 部门:, 状态:, 类型:]
2025-07-01 03:15:17 [http-nio-8080-exec-3] TRACE o.h.type.descriptor.sql.BasicBinder - binding parameter [9] as [VARCHAR] - [null]
2025-07-01 03:15:17 [http-nio-8080-exec-3] TRACE o.h.type.descriptor.sql.BasicBinder - binding parameter [10] as [VARCHAR] - [39.144.137.72]
2025-07-01 03:15:17 [http-nio-8080-exec-3] TRACE o.h.type.descriptor.sql.BasicBinder - binding parameter [11] as [VARCHAR] - [SYSTEM]
2025-07-01 03:15:17 [http-nio-8080-exec-3] TRACE o.h.type.descriptor.sql.BasicBinder - binding parameter [12] as [VARCHAR] - [USER]
2025-07-01 03:15:17 [http-nio-8080-exec-3] TRACE o.h.type.descriptor.sql.BasicBinder - binding parameter [13] as [VARCHAR] - [用户管理]
2025-07-01 03:15:17 [http-nio-8080-exec-3] TRACE o.h.type.descriptor.sql.BasicBinder - binding parameter [14] as [VARCHAR] - [null]
2025-07-01 03:15:17 [http-nio-8080-exec-3] TRACE o.h.type.descriptor.sql.BasicBinder - binding parameter [15] as [VARCHAR] - [null]
2025-07-01 03:15:17 [http-nio-8080-exec-3] TRACE o.h.type.descriptor.sql.BasicBinder - binding parameter [16] as [VARCHAR] - [QUERY]
2025-07-01 03:15:17 [http-nio-8080-exec-3] TRACE o.h.type.descriptor.sql.BasicBinder - binding parameter [17] as [VARCHAR] - [查询]
2025-07-01 03:15:17 [http-nio-8080-exec-3] TRACE o.h.type.descriptor.sql.BasicBinder - binding parameter [18] as [TIMESTAMP] - [2025-07-01T03:15:17.511]
2025-07-01 03:15:17 [http-nio-8080-exec-3] TRACE o.h.type.descriptor.sql.BasicBinder - binding parameter [19] as [VARCHAR] - [null]
2025-07-01 03:15:17 [http-nio-8080-exec-3] TRACE o.h.type.descriptor.sql.BasicBinder - binding parameter [20] as [VARCHAR] - [null]
2025-07-01 03:15:17 [http-nio-8080-exec-3] TRACE o.h.type.descriptor.sql.BasicBinder - binding parameter [21] as [VARCHAR] - [SUCCESS]
2025-07-01 03:15:17 [http-nio-8080-exec-3] TRACE o.h.type.descriptor.sql.BasicBinder - binding parameter [22] as [BIGINT] - [null]
2025-07-01 03:15:17 [http-nio-8080-exec-3] TRACE o.h.type.descriptor.sql.BasicBinder - binding parameter [23] as [VARCHAR] - [null]
2025-07-01 03:15:21 [http-nio-8080-exec-7] DEBUG d.b.config.JwtAuthenticationFilter - JWT认证成功，用户: admin@hkex.com, 部门: 信息技术部
2025-07-01 03:15:21 [http-nio-8080-exec-7] DEBUG org.hibernate.SQL - 
    /* select
        generatedAlias0 
    from
        User as generatedAlias0 
    order by
        generatedAlias0.createdTime desc */ select
            user0_.id as id1_2_,
            user0_.created_by as created_2_2_,
            user0_.created_time as created_3_2_,
            user0_.department as departme4_2_,
            user0_.email as email5_2_,
            user0_.emergency_contact as emergenc6_2_,
            user0_.emergency_phone as emergenc7_2_,
            user0_.employee_id as employee8_2_,
            user0_.hire_date as hire_dat9_2_,
            user0_.is_online as is_onli10_2_,
            user0_.last_login_time as last_lo11_2_,
            user0_.manager as manager12_2_,
            user0_.notes as notes13_2_,
            user0_.password as passwor14_2_,
            user0_.phone as phone15_2_,
            user0_.position as positio16_2_,
            user0_.status as status17_2_,
            user0_.updated_by as updated18_2_,
            user0_.updated_time as updated19_2_,
            user0_.user_name as user_na20_2_,
            user0_.user_type as user_ty21_2_,
            user0_.work_location as work_lo22_2_ 
        from
            t_poc_users user0_ 
        order by
            user0_.created_time desc limit ?
2025-07-01 03:15:21 [http-nio-8080-exec-7] DEBUG org.hibernate.SQL - 
    /* insert demo.backed.entity.AuditLog
        */ insert 
        into
            t_poc_audit_logs
            (created_by, created_time, is_deleted, updated_by, updated_time, version, department, description, details, ip_address, log_type, module, module_name, new_value, old_value, operation, operation_name, operation_time, resource_id, resource_type, status, user_id, username) 
        values
            (?, ?, ?, ?, ?, ?, ?, ?, ?, ?, ?, ?, ?, ?, ?, ?, ?, ?, ?, ?, ?, ?, ?)
2025-07-01 03:15:21 [http-nio-8080-exec-7] TRACE o.h.type.descriptor.sql.BasicBinder - binding parameter [1] as [VARCHAR] - [admin@hkex.com]
2025-07-01 03:15:21 [http-nio-8080-exec-7] TRACE o.h.type.descriptor.sql.BasicBinder - binding parameter [2] as [TIMESTAMP] - [2025-07-01T03:15:21.032]
2025-07-01 03:15:21 [http-nio-8080-exec-7] TRACE o.h.type.descriptor.sql.BasicBinder - binding parameter [3] as [BOOLEAN] - [false]
2025-07-01 03:15:21 [http-nio-8080-exec-7] TRACE o.h.type.descriptor.sql.BasicBinder - binding parameter [4] as [VARCHAR] - [admin@hkex.com]
2025-07-01 03:15:21 [http-nio-8080-exec-7] TRACE o.h.type.descriptor.sql.BasicBinder - binding parameter [5] as [TIMESTAMP] - [2025-07-01T03:15:21.032]
2025-07-01 03:15:21 [http-nio-8080-exec-7] TRACE o.h.type.descriptor.sql.BasicBinder - binding parameter [6] as [BIGINT] - [0]
2025-07-01 03:15:21 [http-nio-8080-exec-7] TRACE o.h.type.descriptor.sql.BasicBinder - binding parameter [7] as [VARCHAR] - [null]
2025-07-01 03:15:21 [http-nio-8080-exec-7] TRACE o.h.type.descriptor.sql.BasicBinder - binding parameter [8] as [VARCHAR] - [查询用户列表 - 页码:0, 大小:100, 关键词:, 部门:, 状态:, 类型:]
2025-07-01 03:15:21 [http-nio-8080-exec-7] TRACE o.h.type.descriptor.sql.BasicBinder - binding parameter [9] as [VARCHAR] - [null]
2025-07-01 03:15:21 [http-nio-8080-exec-7] TRACE o.h.type.descriptor.sql.BasicBinder - binding parameter [10] as [VARCHAR] - [39.144.137.72]
2025-07-01 03:15:21 [http-nio-8080-exec-7] TRACE o.h.type.descriptor.sql.BasicBinder - binding parameter [11] as [VARCHAR] - [SYSTEM]
2025-07-01 03:15:21 [http-nio-8080-exec-7] TRACE o.h.type.descriptor.sql.BasicBinder - binding parameter [12] as [VARCHAR] - [USER]
2025-07-01 03:15:21 [http-nio-8080-exec-7] TRACE o.h.type.descriptor.sql.BasicBinder - binding parameter [13] as [VARCHAR] - [用户管理]
2025-07-01 03:15:21 [http-nio-8080-exec-7] TRACE o.h.type.descriptor.sql.BasicBinder - binding parameter [14] as [VARCHAR] - [null]
2025-07-01 03:15:21 [http-nio-8080-exec-7] TRACE o.h.type.descriptor.sql.BasicBinder - binding parameter [15] as [VARCHAR] - [null]
2025-07-01 03:15:21 [http-nio-8080-exec-7] TRACE o.h.type.descriptor.sql.BasicBinder - binding parameter [16] as [VARCHAR] - [QUERY]
2025-07-01 03:15:21 [http-nio-8080-exec-7] TRACE o.h.type.descriptor.sql.BasicBinder - binding parameter [17] as [VARCHAR] - [查询]
2025-07-01 03:15:21 [http-nio-8080-exec-7] TRACE o.h.type.descriptor.sql.BasicBinder - binding parameter [18] as [TIMESTAMP] - [2025-07-01T03:15:21.032]
2025-07-01 03:15:21 [http-nio-8080-exec-7] TRACE o.h.type.descriptor.sql.BasicBinder - binding parameter [19] as [VARCHAR] - [null]
2025-07-01 03:15:21 [http-nio-8080-exec-7] TRACE o.h.type.descriptor.sql.BasicBinder - binding parameter [20] as [VARCHAR] - [null]
2025-07-01 03:15:21 [http-nio-8080-exec-7] TRACE o.h.type.descriptor.sql.BasicBinder - binding parameter [21] as [VARCHAR] - [SUCCESS]
2025-07-01 03:15:21 [http-nio-8080-exec-7] TRACE o.h.type.descriptor.sql.BasicBinder - binding parameter [22] as [BIGINT] - [null]
2025-07-01 03:15:21 [http-nio-8080-exec-7] TRACE o.h.type.descriptor.sql.BasicBinder - binding parameter [23] as [VARCHAR] - [null]
2025-07-01 03:15:23 [http-nio-8080-exec-6] DEBUG org.hibernate.SQL - 
    /* select
        generatedAlias0 
    from
        TestEntity as generatedAlias0 */ select
            testentity0_.id as id1_3_,
            testentity0_.created_time as created_2_3_,
            testentity0_.test_message as test_mes3_3_,
            testentity0_.test_name as test_nam4_3_ 
        from
            t_test_connection testentity0_
2025-07-01 03:15:23 [http-nio-8080-exec-6] DEBUG org.hibernate.SQL - 
    /* SELECT
        t 
    FROM
        TestEntity t 
    ORDER BY
        t.createdTime DESC */ select
            testentity0_.id as id1_3_,
            testentity0_.created_time as created_2_3_,
            testentity0_.test_message as test_mes3_3_,
            testentity0_.test_name as test_nam4_3_ 
        from
            t_test_connection testentity0_ 
        order by
            testentity0_.created_time DESC
2025-07-01 03:15:23 [http-nio-8080-exec-6] DEBUG org.hibernate.SQL - 
    /* select
        count(*) 
    from
        TestEntity x */ select
            count(*) as col_0_0_ 
        from
            t_test_connection testentity0_
2025-07-01 03:15:25 [http-nio-8080-exec-2] DEBUG org.hibernate.SQL - 
    /* insert demo.backed.entity.TestEntity
        */ insert 
        into
            t_test_connection
            (created_time, test_message, test_name) 
        values
            (?, ?, ?)
2025-07-01 03:15:25 [http-nio-8080-exec-2] TRACE o.h.type.descriptor.sql.BasicBinder - binding parameter [1] as [TIMESTAMP] - [2025-07-01T03:15:25.754]
2025-07-01 03:15:25 [http-nio-8080-exec-2] TRACE o.h.type.descriptor.sql.BasicBinder - binding parameter [2] as [VARCHAR] - [PostgreSQL连接成功，JPA工作正常！]
2025-07-01 03:15:25 [http-nio-8080-exec-2] TRACE o.h.type.descriptor.sql.BasicBinder - binding parameter [3] as [VARCHAR] - [数据库连接测试]
2025-07-01 03:15:25 [http-nio-8080-exec-2] DEBUG org.hibernate.SQL - 
    /* select
        generatedAlias0 
    from
        TestEntity as generatedAlias0 */ select
            testentity0_.id as id1_3_,
            testentity0_.created_time as created_2_3_,
            testentity0_.test_message as test_mes3_3_,
            testentity0_.test_name as test_nam4_3_ 
        from
            t_test_connection testentity0_
2025-07-01 03:15:25 [http-nio-8080-exec-2] DEBUG org.hibernate.SQL - 
    /* SELECT
        COUNT(t) 
    FROM
        TestEntity t */ select
            count(testentity0_.id) as col_0_0_ 
        from
            t_test_connection testentity0_
2025-07-01 03:15:29 [http-nio-8080-exec-1] DEBUG org.hibernate.SQL - 
    /* select
        generatedAlias0 
    from
        TestEntity as generatedAlias0 */ select
            testentity0_.id as id1_3_,
            testentity0_.created_time as created_2_3_,
            testentity0_.test_message as test_mes3_3_,
            testentity0_.test_name as test_nam4_3_ 
        from
            t_test_connection testentity0_
2025-07-01 03:15:29 [http-nio-8080-exec-1] DEBUG org.hibernate.SQL - 
    /* SELECT
        t 
    FROM
        TestEntity t 
    ORDER BY
        t.createdTime DESC */ select
            testentity0_.id as id1_3_,
            testentity0_.created_time as created_2_3_,
            testentity0_.test_message as test_mes3_3_,
            testentity0_.test_name as test_nam4_3_ 
        from
            t_test_connection testentity0_ 
        order by
            testentity0_.created_time DESC
2025-07-01 03:15:29 [http-nio-8080-exec-1] DEBUG org.hibernate.SQL - 
    /* select
        count(*) 
    from
        TestEntity x */ select
            count(*) as col_0_0_ 
        from
            t_test_connection testentity0_
2025-07-01 03:17:18 [http-nio-8080-exec-10] DEBUG d.b.config.JwtAuthenticationFilter - JWT认证成功，用户: admin@hkex.com, 部门: 信息技术部
2025-07-01 03:17:18 [http-nio-8080-exec-10] DEBUG org.hibernate.SQL - 
    /* select
        generatedAlias0 
    from
        User as generatedAlias0 
    order by
        generatedAlias0.createdTime desc */ select
            user0_.id as id1_2_,
            user0_.created_by as created_2_2_,
            user0_.created_time as created_3_2_,
            user0_.department as departme4_2_,
            user0_.email as email5_2_,
            user0_.emergency_contact as emergenc6_2_,
            user0_.emergency_phone as emergenc7_2_,
            user0_.employee_id as employee8_2_,
            user0_.hire_date as hire_dat9_2_,
            user0_.is_online as is_onli10_2_,
            user0_.last_login_time as last_lo11_2_,
            user0_.manager as manager12_2_,
            user0_.notes as notes13_2_,
            user0_.password as passwor14_2_,
            user0_.phone as phone15_2_,
            user0_.position as positio16_2_,
            user0_.status as status17_2_,
            user0_.updated_by as updated18_2_,
            user0_.updated_time as updated19_2_,
            user0_.user_name as user_na20_2_,
            user0_.user_type as user_ty21_2_,
            user0_.work_location as work_lo22_2_ 
        from
            t_poc_users user0_ 
        order by
            user0_.created_time desc limit ?
2025-07-01 03:17:18 [http-nio-8080-exec-10] DEBUG org.hibernate.SQL - 
    /* insert demo.backed.entity.AuditLog
        */ insert 
        into
            t_poc_audit_logs
            (created_by, created_time, is_deleted, updated_by, updated_time, version, department, description, details, ip_address, log_type, module, module_name, new_value, old_value, operation, operation_name, operation_time, resource_id, resource_type, status, user_id, username) 
        values
            (?, ?, ?, ?, ?, ?, ?, ?, ?, ?, ?, ?, ?, ?, ?, ?, ?, ?, ?, ?, ?, ?, ?)
2025-07-01 03:17:18 [http-nio-8080-exec-10] TRACE o.h.type.descriptor.sql.BasicBinder - binding parameter [1] as [VARCHAR] - [admin@hkex.com]
2025-07-01 03:17:18 [http-nio-8080-exec-10] TRACE o.h.type.descriptor.sql.BasicBinder - binding parameter [2] as [TIMESTAMP] - [2025-07-01T03:17:18.361]
2025-07-01 03:17:18 [http-nio-8080-exec-10] TRACE o.h.type.descriptor.sql.BasicBinder - binding parameter [3] as [BOOLEAN] - [false]
2025-07-01 03:17:18 [http-nio-8080-exec-10] TRACE o.h.type.descriptor.sql.BasicBinder - binding parameter [4] as [VARCHAR] - [admin@hkex.com]
2025-07-01 03:17:18 [http-nio-8080-exec-10] TRACE o.h.type.descriptor.sql.BasicBinder - binding parameter [5] as [TIMESTAMP] - [2025-07-01T03:17:18.361]
2025-07-01 03:17:18 [http-nio-8080-exec-10] TRACE o.h.type.descriptor.sql.BasicBinder - binding parameter [6] as [BIGINT] - [0]
2025-07-01 03:17:18 [http-nio-8080-exec-10] TRACE o.h.type.descriptor.sql.BasicBinder - binding parameter [7] as [VARCHAR] - [null]
2025-07-01 03:17:18 [http-nio-8080-exec-10] TRACE o.h.type.descriptor.sql.BasicBinder - binding parameter [8] as [VARCHAR] - [查询用户列表 - 页码:0, 大小:100, 关键词:, 部门:, 状态:, 类型:]
2025-07-01 03:17:18 [http-nio-8080-exec-10] TRACE o.h.type.descriptor.sql.BasicBinder - binding parameter [9] as [VARCHAR] - [null]
2025-07-01 03:17:18 [http-nio-8080-exec-10] TRACE o.h.type.descriptor.sql.BasicBinder - binding parameter [10] as [VARCHAR] - [39.144.137.72]
2025-07-01 03:17:18 [http-nio-8080-exec-10] TRACE o.h.type.descriptor.sql.BasicBinder - binding parameter [11] as [VARCHAR] - [SYSTEM]
2025-07-01 03:17:18 [http-nio-8080-exec-10] TRACE o.h.type.descriptor.sql.BasicBinder - binding parameter [12] as [VARCHAR] - [USER]
2025-07-01 03:17:18 [http-nio-8080-exec-10] TRACE o.h.type.descriptor.sql.BasicBinder - binding parameter [13] as [VARCHAR] - [用户管理]
2025-07-01 03:17:18 [http-nio-8080-exec-10] TRACE o.h.type.descriptor.sql.BasicBinder - binding parameter [14] as [VARCHAR] - [null]
2025-07-01 03:17:18 [http-nio-8080-exec-10] TRACE o.h.type.descriptor.sql.BasicBinder - binding parameter [15] as [VARCHAR] - [null]
2025-07-01 03:17:18 [http-nio-8080-exec-10] TRACE o.h.type.descriptor.sql.BasicBinder - binding parameter [16] as [VARCHAR] - [QUERY]
2025-07-01 03:17:18 [http-nio-8080-exec-10] TRACE o.h.type.descriptor.sql.BasicBinder - binding parameter [17] as [VARCHAR] - [查询]
2025-07-01 03:17:18 [http-nio-8080-exec-10] TRACE o.h.type.descriptor.sql.BasicBinder - binding parameter [18] as [TIMESTAMP] - [2025-07-01T03:17:18.361]
2025-07-01 03:17:18 [http-nio-8080-exec-10] TRACE o.h.type.descriptor.sql.BasicBinder - binding parameter [19] as [VARCHAR] - [null]
2025-07-01 03:17:18 [http-nio-8080-exec-10] TRACE o.h.type.descriptor.sql.BasicBinder - binding parameter [20] as [VARCHAR] - [null]
2025-07-01 03:17:18 [http-nio-8080-exec-10] TRACE o.h.type.descriptor.sql.BasicBinder - binding parameter [21] as [VARCHAR] - [SUCCESS]
2025-07-01 03:17:18 [http-nio-8080-exec-10] TRACE o.h.type.descriptor.sql.BasicBinder - binding parameter [22] as [BIGINT] - [null]
2025-07-01 03:17:18 [http-nio-8080-exec-10] TRACE o.h.type.descriptor.sql.BasicBinder - binding parameter [23] as [VARCHAR] - [null]
2025-07-01 05:01:19 [http-nio-8080-exec-5] WARN  d.b.config.JwtAuthenticationFilter - JWT Token验证失败
2025-07-01 05:01:19 [http-nio-8080-exec-3] DEBUG org.hibernate.SQL - 
    /* select
        generatedAlias0 
    from
        User as generatedAlias0 
    where
        generatedAlias0.email=:param0 */ select
            user0_.id as id1_2_,
            user0_.created_by as created_2_2_,
            user0_.created_time as created_3_2_,
            user0_.department as departme4_2_,
            user0_.email as email5_2_,
            user0_.emergency_contact as emergenc6_2_,
            user0_.emergency_phone as emergenc7_2_,
            user0_.employee_id as employee8_2_,
            user0_.hire_date as hire_dat9_2_,
            user0_.is_online as is_onli10_2_,
            user0_.last_login_time as last_lo11_2_,
            user0_.manager as manager12_2_,
            user0_.notes as notes13_2_,
            user0_.password as passwor14_2_,
            user0_.phone as phone15_2_,
            user0_.position as positio16_2_,
            user0_.status as status17_2_,
            user0_.updated_by as updated18_2_,
            user0_.updated_time as updated19_2_,
            user0_.user_name as user_na20_2_,
            user0_.user_type as user_ty21_2_,
            user0_.work_location as work_lo22_2_ 
        from
            t_poc_users user0_ 
        where
            user0_.email=?
2025-07-01 05:01:19 [http-nio-8080-exec-3] TRACE o.h.type.descriptor.sql.BasicBinder - binding parameter [1] as [VARCHAR] - [admin@hkex.com]
2025-07-01 05:01:19 [http-nio-8080-exec-3] DEBUG org.hibernate.SQL - 
    /* insert demo.backed.entity.AuditLog
        */ insert 
        into
            t_poc_audit_logs
            (created_by, created_time, is_deleted, updated_by, updated_time, version, department, description, details, ip_address, log_type, module, module_name, new_value, old_value, operation, operation_name, operation_time, resource_id, resource_type, status, user_id, username) 
        values
            (?, ?, ?, ?, ?, ?, ?, ?, ?, ?, ?, ?, ?, ?, ?, ?, ?, ?, ?, ?, ?, ?, ?)
2025-07-01 05:01:19 [http-nio-8080-exec-3] TRACE o.h.type.descriptor.sql.BasicBinder - binding parameter [1] as [VARCHAR] - [system]
2025-07-01 05:01:19 [http-nio-8080-exec-3] TRACE o.h.type.descriptor.sql.BasicBinder - binding parameter [2] as [TIMESTAMP] - [2025-07-01T05:01:19.499]
2025-07-01 05:01:19 [http-nio-8080-exec-3] TRACE o.h.type.descriptor.sql.BasicBinder - binding parameter [3] as [BOOLEAN] - [false]
2025-07-01 05:01:19 [http-nio-8080-exec-3] TRACE o.h.type.descriptor.sql.BasicBinder - binding parameter [4] as [VARCHAR] - [system]
2025-07-01 05:01:19 [http-nio-8080-exec-3] TRACE o.h.type.descriptor.sql.BasicBinder - binding parameter [5] as [TIMESTAMP] - [2025-07-01T05:01:19.499]
2025-07-01 05:01:19 [http-nio-8080-exec-3] TRACE o.h.type.descriptor.sql.BasicBinder - binding parameter [6] as [BIGINT] - [0]
2025-07-01 05:01:19 [http-nio-8080-exec-3] TRACE o.h.type.descriptor.sql.BasicBinder - binding parameter [7] as [VARCHAR] - [信息技术部]
2025-07-01 05:01:19 [http-nio-8080-exec-3] TRACE o.h.type.descriptor.sql.BasicBinder - binding parameter [8] as [VARCHAR] - [刷新访问令牌成功]
2025-07-01 05:01:19 [http-nio-8080-exec-3] TRACE o.h.type.descriptor.sql.BasicBinder - binding parameter [9] as [VARCHAR] - [用户: 系统管理员]
2025-07-01 05:01:19 [http-nio-8080-exec-3] TRACE o.h.type.descriptor.sql.BasicBinder - binding parameter [10] as [VARCHAR] - [39.144.137.72]
2025-07-01 05:01:19 [http-nio-8080-exec-3] TRACE o.h.type.descriptor.sql.BasicBinder - binding parameter [11] as [VARCHAR] - [USER]
2025-07-01 05:01:19 [http-nio-8080-exec-3] TRACE o.h.type.descriptor.sql.BasicBinder - binding parameter [12] as [VARCHAR] - [AUTH]
2025-07-01 05:01:19 [http-nio-8080-exec-3] TRACE o.h.type.descriptor.sql.BasicBinder - binding parameter [13] as [VARCHAR] - [认证模块]
2025-07-01 05:01:19 [http-nio-8080-exec-3] TRACE o.h.type.descriptor.sql.BasicBinder - binding parameter [14] as [VARCHAR] - [null]
2025-07-01 05:01:19 [http-nio-8080-exec-3] TRACE o.h.type.descriptor.sql.BasicBinder - binding parameter [15] as [VARCHAR] - [null]
2025-07-01 05:01:19 [http-nio-8080-exec-3] TRACE o.h.type.descriptor.sql.BasicBinder - binding parameter [16] as [VARCHAR] - [UPDATE]
2025-07-01 05:01:19 [http-nio-8080-exec-3] TRACE o.h.type.descriptor.sql.BasicBinder - binding parameter [17] as [VARCHAR] - [更新]
2025-07-01 05:01:19 [http-nio-8080-exec-3] TRACE o.h.type.descriptor.sql.BasicBinder - binding parameter [18] as [TIMESTAMP] - [2025-07-01T05:01:19.497]
2025-07-01 05:01:19 [http-nio-8080-exec-3] TRACE o.h.type.descriptor.sql.BasicBinder - binding parameter [19] as [VARCHAR] - [76]
2025-07-01 05:01:19 [http-nio-8080-exec-3] TRACE o.h.type.descriptor.sql.BasicBinder - binding parameter [20] as [VARCHAR] - [Token]
2025-07-01 05:01:19 [http-nio-8080-exec-3] TRACE o.h.type.descriptor.sql.BasicBinder - binding parameter [21] as [VARCHAR] - [SUCCESS]
2025-07-01 05:01:19 [http-nio-8080-exec-3] TRACE o.h.type.descriptor.sql.BasicBinder - binding parameter [22] as [BIGINT] - [76]
2025-07-01 05:01:19 [http-nio-8080-exec-3] TRACE o.h.type.descriptor.sql.BasicBinder - binding parameter [23] as [VARCHAR] - [系统管理员]
2025-07-01 05:01:19 [http-nio-8080-exec-8] DEBUG d.b.config.JwtAuthenticationFilter - JWT认证成功，用户: admin@hkex.com, 部门: 信息技术部
2025-07-01 05:01:19 [http-nio-8080-exec-8] DEBUG org.hibernate.SQL - 
    /* select
        generatedAlias0 
    from
        User as generatedAlias0 
    order by
        generatedAlias0.createdTime desc */ select
            user0_.id as id1_2_,
            user0_.created_by as created_2_2_,
            user0_.created_time as created_3_2_,
            user0_.department as departme4_2_,
            user0_.email as email5_2_,
            user0_.emergency_contact as emergenc6_2_,
            user0_.emergency_phone as emergenc7_2_,
            user0_.employee_id as employee8_2_,
            user0_.hire_date as hire_dat9_2_,
            user0_.is_online as is_onli10_2_,
            user0_.last_login_time as last_lo11_2_,
            user0_.manager as manager12_2_,
            user0_.notes as notes13_2_,
            user0_.password as passwor14_2_,
            user0_.phone as phone15_2_,
            user0_.position as positio16_2_,
            user0_.status as status17_2_,
            user0_.updated_by as updated18_2_,
            user0_.updated_time as updated19_2_,
            user0_.user_name as user_na20_2_,
            user0_.user_type as user_ty21_2_,
            user0_.work_location as work_lo22_2_ 
        from
            t_poc_users user0_ 
        order by
            user0_.created_time desc limit ?
2025-07-01 05:01:19 [http-nio-8080-exec-8] DEBUG org.hibernate.SQL - 
    /* insert demo.backed.entity.AuditLog
        */ insert 
        into
            t_poc_audit_logs
            (created_by, created_time, is_deleted, updated_by, updated_time, version, department, description, details, ip_address, log_type, module, module_name, new_value, old_value, operation, operation_name, operation_time, resource_id, resource_type, status, user_id, username) 
        values
            (?, ?, ?, ?, ?, ?, ?, ?, ?, ?, ?, ?, ?, ?, ?, ?, ?, ?, ?, ?, ?, ?, ?)
2025-07-01 05:01:19 [http-nio-8080-exec-8] TRACE o.h.type.descriptor.sql.BasicBinder - binding parameter [1] as [VARCHAR] - [admin@hkex.com]
2025-07-01 05:01:19 [http-nio-8080-exec-8] TRACE o.h.type.descriptor.sql.BasicBinder - binding parameter [2] as [TIMESTAMP] - [2025-07-01T05:01:19.633]
2025-07-01 05:01:19 [http-nio-8080-exec-8] TRACE o.h.type.descriptor.sql.BasicBinder - binding parameter [3] as [BOOLEAN] - [false]
2025-07-01 05:01:19 [http-nio-8080-exec-8] TRACE o.h.type.descriptor.sql.BasicBinder - binding parameter [4] as [VARCHAR] - [admin@hkex.com]
2025-07-01 05:01:19 [http-nio-8080-exec-8] TRACE o.h.type.descriptor.sql.BasicBinder - binding parameter [5] as [TIMESTAMP] - [2025-07-01T05:01:19.633]
2025-07-01 05:01:19 [http-nio-8080-exec-8] TRACE o.h.type.descriptor.sql.BasicBinder - binding parameter [6] as [BIGINT] - [0]
2025-07-01 05:01:19 [http-nio-8080-exec-8] TRACE o.h.type.descriptor.sql.BasicBinder - binding parameter [7] as [VARCHAR] - [null]
2025-07-01 05:01:19 [http-nio-8080-exec-8] TRACE o.h.type.descriptor.sql.BasicBinder - binding parameter [8] as [VARCHAR] - [查询用户列表 - 页码:0, 大小:100, 关键词:, 部门:, 状态:, 类型:]
2025-07-01 05:01:19 [http-nio-8080-exec-8] TRACE o.h.type.descriptor.sql.BasicBinder - binding parameter [9] as [VARCHAR] - [null]
2025-07-01 05:01:19 [http-nio-8080-exec-8] TRACE o.h.type.descriptor.sql.BasicBinder - binding parameter [10] as [VARCHAR] - [39.144.137.72]
2025-07-01 05:01:19 [http-nio-8080-exec-8] TRACE o.h.type.descriptor.sql.BasicBinder - binding parameter [11] as [VARCHAR] - [SYSTEM]
2025-07-01 05:01:19 [http-nio-8080-exec-8] TRACE o.h.type.descriptor.sql.BasicBinder - binding parameter [12] as [VARCHAR] - [USER]
2025-07-01 05:01:19 [http-nio-8080-exec-8] TRACE o.h.type.descriptor.sql.BasicBinder - binding parameter [13] as [VARCHAR] - [用户管理]
2025-07-01 05:01:19 [http-nio-8080-exec-8] TRACE o.h.type.descriptor.sql.BasicBinder - binding parameter [14] as [VARCHAR] - [null]
2025-07-01 05:01:19 [http-nio-8080-exec-8] TRACE o.h.type.descriptor.sql.BasicBinder - binding parameter [15] as [VARCHAR] - [null]
2025-07-01 05:01:19 [http-nio-8080-exec-8] TRACE o.h.type.descriptor.sql.BasicBinder - binding parameter [16] as [VARCHAR] - [QUERY]
2025-07-01 05:01:19 [http-nio-8080-exec-8] TRACE o.h.type.descriptor.sql.BasicBinder - binding parameter [17] as [VARCHAR] - [查询]
2025-07-01 05:01:19 [http-nio-8080-exec-8] TRACE o.h.type.descriptor.sql.BasicBinder - binding parameter [18] as [TIMESTAMP] - [2025-07-01T05:01:19.633]
2025-07-01 05:01:19 [http-nio-8080-exec-8] TRACE o.h.type.descriptor.sql.BasicBinder - binding parameter [19] as [VARCHAR] - [null]
2025-07-01 05:01:19 [http-nio-8080-exec-8] TRACE o.h.type.descriptor.sql.BasicBinder - binding parameter [20] as [VARCHAR] - [null]
2025-07-01 05:01:19 [http-nio-8080-exec-8] TRACE o.h.type.descriptor.sql.BasicBinder - binding parameter [21] as [VARCHAR] - [SUCCESS]
2025-07-01 05:01:19 [http-nio-8080-exec-8] TRACE o.h.type.descriptor.sql.BasicBinder - binding parameter [22] as [BIGINT] - [null]
2025-07-01 05:01:19 [http-nio-8080-exec-8] TRACE o.h.type.descriptor.sql.BasicBinder - binding parameter [23] as [VARCHAR] - [null]
2025-07-01 05:01:26 [http-nio-8080-exec-7] DEBUG d.b.config.JwtAuthenticationFilter - JWT认证成功，用户: admin@hkex.com, 部门: 信息技术部
2025-07-01 05:01:26 [http-nio-8080-exec-7] DEBUG org.hibernate.SQL - 
    /* select
        generatedAlias0 
    from
        User as generatedAlias0 
    order by
        generatedAlias0.createdTime desc */ select
            user0_.id as id1_2_,
            user0_.created_by as created_2_2_,
            user0_.created_time as created_3_2_,
            user0_.department as departme4_2_,
            user0_.email as email5_2_,
            user0_.emergency_contact as emergenc6_2_,
            user0_.emergency_phone as emergenc7_2_,
            user0_.employee_id as employee8_2_,
            user0_.hire_date as hire_dat9_2_,
            user0_.is_online as is_onli10_2_,
            user0_.last_login_time as last_lo11_2_,
            user0_.manager as manager12_2_,
            user0_.notes as notes13_2_,
            user0_.password as passwor14_2_,
            user0_.phone as phone15_2_,
            user0_.position as positio16_2_,
            user0_.status as status17_2_,
            user0_.updated_by as updated18_2_,
            user0_.updated_time as updated19_2_,
            user0_.user_name as user_na20_2_,
            user0_.user_type as user_ty21_2_,
            user0_.work_location as work_lo22_2_ 
        from
            t_poc_users user0_ 
        order by
            user0_.created_time desc limit ?
2025-07-01 05:01:26 [http-nio-8080-exec-7] DEBUG org.hibernate.SQL - 
    /* insert demo.backed.entity.AuditLog
        */ insert 
        into
            t_poc_audit_logs
            (created_by, created_time, is_deleted, updated_by, updated_time, version, department, description, details, ip_address, log_type, module, module_name, new_value, old_value, operation, operation_name, operation_time, resource_id, resource_type, status, user_id, username) 
        values
            (?, ?, ?, ?, ?, ?, ?, ?, ?, ?, ?, ?, ?, ?, ?, ?, ?, ?, ?, ?, ?, ?, ?)
2025-07-01 05:01:26 [http-nio-8080-exec-7] TRACE o.h.type.descriptor.sql.BasicBinder - binding parameter [1] as [VARCHAR] - [admin@hkex.com]
2025-07-01 05:01:26 [http-nio-8080-exec-7] TRACE o.h.type.descriptor.sql.BasicBinder - binding parameter [2] as [TIMESTAMP] - [2025-07-01T05:01:26.917]
2025-07-01 05:01:26 [http-nio-8080-exec-7] TRACE o.h.type.descriptor.sql.BasicBinder - binding parameter [3] as [BOOLEAN] - [false]
2025-07-01 05:01:26 [http-nio-8080-exec-7] TRACE o.h.type.descriptor.sql.BasicBinder - binding parameter [4] as [VARCHAR] - [admin@hkex.com]
2025-07-01 05:01:26 [http-nio-8080-exec-7] TRACE o.h.type.descriptor.sql.BasicBinder - binding parameter [5] as [TIMESTAMP] - [2025-07-01T05:01:26.917]
2025-07-01 05:01:26 [http-nio-8080-exec-7] TRACE o.h.type.descriptor.sql.BasicBinder - binding parameter [6] as [BIGINT] - [0]
2025-07-01 05:01:26 [http-nio-8080-exec-7] TRACE o.h.type.descriptor.sql.BasicBinder - binding parameter [7] as [VARCHAR] - [null]
2025-07-01 05:01:26 [http-nio-8080-exec-7] TRACE o.h.type.descriptor.sql.BasicBinder - binding parameter [8] as [VARCHAR] - [查询用户列表 - 页码:0, 大小:100, 关键词:, 部门:, 状态:, 类型:]
2025-07-01 05:01:26 [http-nio-8080-exec-7] TRACE o.h.type.descriptor.sql.BasicBinder - binding parameter [9] as [VARCHAR] - [null]
2025-07-01 05:01:26 [http-nio-8080-exec-7] TRACE o.h.type.descriptor.sql.BasicBinder - binding parameter [10] as [VARCHAR] - [39.144.137.72]
2025-07-01 05:01:26 [http-nio-8080-exec-7] TRACE o.h.type.descriptor.sql.BasicBinder - binding parameter [11] as [VARCHAR] - [SYSTEM]
2025-07-01 05:01:26 [http-nio-8080-exec-7] TRACE o.h.type.descriptor.sql.BasicBinder - binding parameter [12] as [VARCHAR] - [USER]
2025-07-01 05:01:26 [http-nio-8080-exec-7] TRACE o.h.type.descriptor.sql.BasicBinder - binding parameter [13] as [VARCHAR] - [用户管理]
2025-07-01 05:01:26 [http-nio-8080-exec-7] TRACE o.h.type.descriptor.sql.BasicBinder - binding parameter [14] as [VARCHAR] - [null]
2025-07-01 05:01:26 [http-nio-8080-exec-7] TRACE o.h.type.descriptor.sql.BasicBinder - binding parameter [15] as [VARCHAR] - [null]
2025-07-01 05:01:26 [http-nio-8080-exec-7] TRACE o.h.type.descriptor.sql.BasicBinder - binding parameter [16] as [VARCHAR] - [QUERY]
2025-07-01 05:01:26 [http-nio-8080-exec-7] TRACE o.h.type.descriptor.sql.BasicBinder - binding parameter [17] as [VARCHAR] - [查询]
2025-07-01 05:01:26 [http-nio-8080-exec-7] TRACE o.h.type.descriptor.sql.BasicBinder - binding parameter [18] as [TIMESTAMP] - [2025-07-01T05:01:26.916]
2025-07-01 05:01:26 [http-nio-8080-exec-7] TRACE o.h.type.descriptor.sql.BasicBinder - binding parameter [19] as [VARCHAR] - [null]
2025-07-01 05:01:26 [http-nio-8080-exec-7] TRACE o.h.type.descriptor.sql.BasicBinder - binding parameter [20] as [VARCHAR] - [null]
2025-07-01 05:01:26 [http-nio-8080-exec-7] TRACE o.h.type.descriptor.sql.BasicBinder - binding parameter [21] as [VARCHAR] - [SUCCESS]
2025-07-01 05:01:26 [http-nio-8080-exec-7] TRACE o.h.type.descriptor.sql.BasicBinder - binding parameter [22] as [BIGINT] - [null]
2025-07-01 05:01:26 [http-nio-8080-exec-7] TRACE o.h.type.descriptor.sql.BasicBinder - binding parameter [23] as [VARCHAR] - [null]
2025-07-01 05:01:30 [http-nio-8080-exec-6] DEBUG org.hibernate.SQL - 
    /* select
        generatedAlias0 
    from
        TestEntity as generatedAlias0 */ select
            testentity0_.id as id1_3_,
            testentity0_.created_time as created_2_3_,
            testentity0_.test_message as test_mes3_3_,
            testentity0_.test_name as test_nam4_3_ 
        from
            t_test_connection testentity0_
2025-07-01 05:01:30 [http-nio-8080-exec-6] DEBUG org.hibernate.SQL - 
    /* SELECT
        t 
    FROM
        TestEntity t 
    ORDER BY
        t.createdTime DESC */ select
            testentity0_.id as id1_3_,
            testentity0_.created_time as created_2_3_,
            testentity0_.test_message as test_mes3_3_,
            testentity0_.test_name as test_nam4_3_ 
        from
            t_test_connection testentity0_ 
        order by
            testentity0_.created_time DESC
2025-07-01 05:01:30 [http-nio-8080-exec-6] DEBUG org.hibernate.SQL - 
    /* select
        count(*) 
    from
        TestEntity x */ select
            count(*) as col_0_0_ 
        from
            t_test_connection testentity0_
2025-07-01 05:03:08 [SpringApplicationShutdownHook] INFO  o.s.o.j.LocalContainerEntityManagerFactoryBean - Closing JPA EntityManagerFactory for persistence unit 'default'
2025-07-01 05:03:08 [SpringApplicationShutdownHook] INFO  com.zaxxer.hikari.HikariDataSource - HikariCP - Shutdown initiated...
2025-07-01 05:03:08 [SpringApplicationShutdownHook] INFO  com.zaxxer.hikari.HikariDataSource - HikariCP - Shutdown completed.
2025-07-01 05:03:11 [main] INFO  demo.backed.BackedApplication - Starting BackedApplication v0.0.1-SNAPSHOT using Java 1.8.0_212 on bef963d7c4f7 with PID 1 (/app/target/backed-0.0.1-SNAPSHOT.jar started by root in /app)
2025-07-01 05:03:11 [main] DEBUG demo.backed.BackedApplication - Running with Spring Boot v2.7.18, Spring v5.3.31
2025-07-01 05:03:11 [main] INFO  demo.backed.BackedApplication - The following 1 profile is active: "production"
2025-07-01 05:03:13 [main] INFO  o.s.d.r.c.RepositoryConfigurationDelegate - Bootstrapping Spring Data JPA repositories in DEFAULT mode.
2025-07-01 05:03:13 [main] INFO  o.s.d.r.c.RepositoryConfigurationDelegate - Finished Spring Data repository scanning in 98 ms. Found 4 JPA repository interfaces.
2025-07-01 05:03:14 [main] INFO  o.s.b.w.e.tomcat.TomcatWebServer - Tomcat initialized with port(s): 8080 (http)
2025-07-01 05:03:14 [main] INFO  o.a.catalina.core.StandardService - Starting service [Tomcat]
2025-07-01 05:03:14 [main] INFO  o.a.catalina.core.StandardEngine - Starting Servlet engine: [Apache Tomcat/9.0.83]
2025-07-01 05:03:14 [main] INFO  o.a.c.c.C.[Tomcat].[localhost].[/] - Initializing Spring embedded WebApplicationContext
2025-07-01 05:03:14 [main] INFO  o.s.b.w.s.c.ServletWebServerApplicationContext - Root WebApplicationContext: initialization completed in 2832 ms
2025-07-01 05:03:14 [main] DEBUG d.b.config.JwtAuthenticationFilter - Filter 'jwtAuthenticationFilter' configured for use
2025-07-01 05:03:14 [main] INFO  o.h.jpa.internal.util.LogHelper - HHH000204: Processing PersistenceUnitInfo [name: default]
2025-07-01 05:03:15 [main] INFO  org.hibernate.Version - HHH000412: Hibernate ORM core version 5.6.15.Final
2025-07-01 05:03:15 [main] INFO  o.h.annotations.common.Version - HCANN000001: Hibernate Commons Annotations {5.1.2.Final}
2025-07-01 05:03:15 [main] INFO  com.zaxxer.hikari.HikariDataSource - HikariCP - Starting...
2025-07-01 05:03:15 [main] INFO  com.zaxxer.hikari.HikariDataSource - HikariCP - Start completed.
2025-07-01 05:03:15 [main] INFO  org.hibernate.dialect.Dialect - HHH000400: Using dialect: org.hibernate.dialect.PostgreSQLDialect
2025-07-01 05:03:17 [main] DEBUG org.hibernate.SQL - 
    
    create table system_log (
       id  bigserial not null,
        create_time timestamp,
        creator varchar(50),
        description varchar(255),
        ip varchar(50),
        module varchar(100),
        status varchar(20),
        primary key (id)
    )
2025-07-01 05:03:17 [main] INFO  o.h.e.t.j.p.i.JtaPlatformInitiator - HHH000490: Using JtaPlatform implementation: [org.hibernate.engine.transaction.jta.platform.internal.NoJtaPlatform]
2025-07-01 05:03:17 [main] INFO  o.s.o.j.LocalContainerEntityManagerFactoryBean - Initialized JPA EntityManagerFactory for persistence unit 'default'
2025-07-01 05:03:18 [main] WARN  o.s.b.a.o.j.JpaBaseConfiguration$JpaWebConfiguration - spring.jpa.open-in-view is enabled by default. Therefore, database queries may be performed during view rendering. Explicitly configure spring.jpa.open-in-view to disable this warning
2025-07-01 05:03:18 [main] INFO  o.s.s.web.DefaultSecurityFilterChain - Will secure any request with [org.springframework.security.web.session.DisableEncodeUrlFilter@6fa590ba, org.springframework.security.web.context.request.async.WebAsyncManagerIntegrationFilter@6e9319f, org.springframework.security.web.context.SecurityContextPersistenceFilter@5fb97279, org.springframework.security.web.header.HeaderWriterFilter@674c583e, org.springframework.web.filter.CorsFilter@72e34f77, org.springframework.security.web.authentication.logout.LogoutFilter@6a1d204a, demo.backed.config.JwtAuthenticationFilter@659499f1, org.springframework.security.web.savedrequest.RequestCacheAwareFilter@61861a29, org.springframework.security.web.servletapi.SecurityContextHolderAwareRequestFilter@25bcd0c7, org.springframework.security.web.authentication.AnonymousAuthenticationFilter@7bf9b098, org.springframework.security.web.session.SessionManagementFilter@3f23a3a0, org.springframework.security.web.access.ExceptionTranslationFilter@5c48c0c0, org.springframework.security.web.access.intercept.FilterSecurityInterceptor@37ebc9d8]
2025-07-01 05:03:19 [main] INFO  o.s.b.w.e.tomcat.TomcatWebServer - Tomcat started on port(s): 8080 (http) with context path ''
2025-07-01 05:03:20 [main] INFO  demo.backed.BackedApplication - Started BackedApplication in 9.025 seconds (JVM running for 9.919)
2025-07-01 05:03:20 [main] DEBUG org.hibernate.SQL - 
    /* select
        count(*) 
    from
        User x */ select
            count(*) as col_0_0_ 
        from
            t_poc_users user0_
2025-07-01 05:03:20 [main] DEBUG org.hibernate.SQL - 
    /* select
        generatedAlias0 
    from
        User as generatedAlias0 */ select
            user0_.id as id1_2_,
            user0_.created_by as created_2_2_,
            user0_.created_time as created_3_2_,
            user0_.department as departme4_2_,
            user0_.email as email5_2_,
            user0_.emergency_contact as emergenc6_2_,
            user0_.emergency_phone as emergenc7_2_,
            user0_.employee_id as employee8_2_,
            user0_.hire_date as hire_dat9_2_,
            user0_.is_online as is_onli10_2_,
            user0_.last_login_time as last_lo11_2_,
            user0_.manager as manager12_2_,
            user0_.notes as notes13_2_,
            user0_.password as passwor14_2_,
            user0_.phone as phone15_2_,
            user0_.position as positio16_2_,
            user0_.status as status17_2_,
            user0_.updated_by as updated18_2_,
            user0_.updated_time as updated19_2_,
            user0_.user_name as user_na20_2_,
            user0_.user_type as user_ty21_2_,
            user0_.work_location as work_lo22_2_ 
        from
            t_poc_users user0_
2025-07-01 05:03:40 [http-nio-8080-exec-1] INFO  o.a.c.c.C.[Tomcat].[localhost].[/] - Initializing Spring DispatcherServlet 'dispatcherServlet'
2025-07-01 05:03:40 [http-nio-8080-exec-1] INFO  o.s.web.servlet.DispatcherServlet - Initializing Servlet 'dispatcherServlet'
2025-07-01 05:03:40 [http-nio-8080-exec-1] INFO  o.s.web.servlet.DispatcherServlet - Completed initialization in 2 ms
2025-07-01 05:03:53 [http-nio-8080-exec-2] DEBUG org.hibernate.SQL - 
    /* select
        generatedAlias0 
    from
        TestEntity as generatedAlias0 */ select
            testentity0_.id as id1_3_,
            testentity0_.created_time as created_2_3_,
            testentity0_.test_message as test_mes3_3_,
            testentity0_.test_name as test_nam4_3_ 
        from
            t_test_connection testentity0_
2025-07-01 05:03:53 [http-nio-8080-exec-2] DEBUG org.hibernate.SQL - 
    /* SELECT
        t 
    FROM
        TestEntity t 
    ORDER BY
        t.createdTime DESC */ select
            testentity0_.id as id1_3_,
            testentity0_.created_time as created_2_3_,
            testentity0_.test_message as test_mes3_3_,
            testentity0_.test_name as test_nam4_3_ 
        from
            t_test_connection testentity0_ 
        order by
            testentity0_.created_time DESC
2025-07-01 05:03:53 [http-nio-8080-exec-2] DEBUG org.hibernate.SQL - 
    /* select
        count(*) 
    from
        TestEntity x */ select
            count(*) as col_0_0_ 
        from
            t_test_connection testentity0_
2025-07-01 05:04:02 [http-nio-8080-exec-5] DEBUG org.hibernate.SQL - 
    /* select
        generatedAlias0 
    from
        TestEntity as generatedAlias0 */ select
            testentity0_.id as id1_3_,
            testentity0_.created_time as created_2_3_,
            testentity0_.test_message as test_mes3_3_,
            testentity0_.test_name as test_nam4_3_ 
        from
            t_test_connection testentity0_
2025-07-01 05:04:02 [http-nio-8080-exec-5] DEBUG org.hibernate.SQL - 
    /* SELECT
        t 
    FROM
        TestEntity t 
    ORDER BY
        t.createdTime DESC */ select
            testentity0_.id as id1_3_,
            testentity0_.created_time as created_2_3_,
            testentity0_.test_message as test_mes3_3_,
            testentity0_.test_name as test_nam4_3_ 
        from
            t_test_connection testentity0_ 
        order by
            testentity0_.created_time DESC
2025-07-01 05:04:02 [http-nio-8080-exec-5] DEBUG org.hibernate.SQL - 
    /* select
        count(*) 
    from
        TestEntity x */ select
            count(*) as col_0_0_ 
        from
            t_test_connection testentity0_
2025-07-01 05:04:07 [http-nio-8080-exec-7] DEBUG d.b.config.JwtAuthenticationFilter - JWT认证成功，用户: admin@hkex.com, 部门: 信息技术部
2025-07-01 05:04:07 [http-nio-8080-exec-7] DEBUG org.hibernate.SQL - 
    /* select
        generatedAlias0 
    from
        User as generatedAlias0 
    order by
        generatedAlias0.createdTime desc */ select
            user0_.id as id1_2_,
            user0_.created_by as created_2_2_,
            user0_.created_time as created_3_2_,
            user0_.department as departme4_2_,
            user0_.email as email5_2_,
            user0_.emergency_contact as emergenc6_2_,
            user0_.emergency_phone as emergenc7_2_,
            user0_.employee_id as employee8_2_,
            user0_.hire_date as hire_dat9_2_,
            user0_.is_online as is_onli10_2_,
            user0_.last_login_time as last_lo11_2_,
            user0_.manager as manager12_2_,
            user0_.notes as notes13_2_,
            user0_.password as passwor14_2_,
            user0_.phone as phone15_2_,
            user0_.position as positio16_2_,
            user0_.status as status17_2_,
            user0_.updated_by as updated18_2_,
            user0_.updated_time as updated19_2_,
            user0_.user_name as user_na20_2_,
            user0_.user_type as user_ty21_2_,
            user0_.work_location as work_lo22_2_ 
        from
            t_poc_users user0_ 
        order by
            user0_.created_time desc limit ?
2025-07-01 05:04:08 [http-nio-8080-exec-6] DEBUG org.hibernate.SQL - 
    /* select
        generatedAlias0 
    from
        TestEntity as generatedAlias0 */ select
            testentity0_.id as id1_3_,
            testentity0_.created_time as created_2_3_,
            testentity0_.test_message as test_mes3_3_,
            testentity0_.test_name as test_nam4_3_ 
        from
            t_test_connection testentity0_
2025-07-01 05:04:08 [http-nio-8080-exec-6] DEBUG org.hibernate.SQL - 
    /* SELECT
        t 
    FROM
        TestEntity t 
    ORDER BY
        t.createdTime DESC */ select
            testentity0_.id as id1_3_,
            testentity0_.created_time as created_2_3_,
            testentity0_.test_message as test_mes3_3_,
            testentity0_.test_name as test_nam4_3_ 
        from
            t_test_connection testentity0_ 
        order by
            testentity0_.created_time DESC
2025-07-01 05:04:08 [http-nio-8080-exec-6] DEBUG org.hibernate.SQL - 
    /* select
        count(*) 
    from
        TestEntity x */ select
            count(*) as col_0_0_ 
        from
            t_test_connection testentity0_
2025-07-01 05:04:18 [http-nio-8080-exec-3] DEBUG d.b.config.JwtAuthenticationFilter - JWT认证成功，用户: admin@hkex.com, 部门: 信息技术部
2025-07-01 05:04:18 [http-nio-8080-exec-3] DEBUG org.hibernate.SQL - 
    /* select
        generatedAlias0 
    from
        User as generatedAlias0 
    order by
        generatedAlias0.createdTime desc */ select
            user0_.id as id1_2_,
            user0_.created_by as created_2_2_,
            user0_.created_time as created_3_2_,
            user0_.department as departme4_2_,
            user0_.email as email5_2_,
            user0_.emergency_contact as emergenc6_2_,
            user0_.emergency_phone as emergenc7_2_,
            user0_.employee_id as employee8_2_,
            user0_.hire_date as hire_dat9_2_,
            user0_.is_online as is_onli10_2_,
            user0_.last_login_time as last_lo11_2_,
            user0_.manager as manager12_2_,
            user0_.notes as notes13_2_,
            user0_.password as passwor14_2_,
            user0_.phone as phone15_2_,
            user0_.position as positio16_2_,
            user0_.status as status17_2_,
            user0_.updated_by as updated18_2_,
            user0_.updated_time as updated19_2_,
            user0_.user_name as user_na20_2_,
            user0_.user_type as user_ty21_2_,
            user0_.work_location as work_lo22_2_ 
        from
            t_poc_users user0_ 
        order by
            user0_.created_time desc limit ?
2025-07-01 05:07:37 [http-nio-8080-exec-4] DEBUG org.hibernate.SQL - 
    /* select
        generatedAlias0 
    from
        TestEntity as generatedAlias0 */ select
            testentity0_.id as id1_3_,
            testentity0_.created_time as created_2_3_,
            testentity0_.test_message as test_mes3_3_,
            testentity0_.test_name as test_nam4_3_ 
        from
            t_test_connection testentity0_
2025-07-01 05:07:37 [http-nio-8080-exec-4] DEBUG org.hibernate.SQL - 
    /* SELECT
        t 
    FROM
        TestEntity t 
    ORDER BY
        t.createdTime DESC */ select
            testentity0_.id as id1_3_,
            testentity0_.created_time as created_2_3_,
            testentity0_.test_message as test_mes3_3_,
            testentity0_.test_name as test_nam4_3_ 
        from
            t_test_connection testentity0_ 
        order by
            testentity0_.created_time DESC
2025-07-01 05:07:37 [http-nio-8080-exec-4] DEBUG org.hibernate.SQL - 
    /* select
        count(*) 
    from
        TestEntity x */ select
            count(*) as col_0_0_ 
        from
            t_test_connection testentity0_
2025-07-01 05:07:49 [http-nio-8080-exec-7] DEBUG org.hibernate.SQL - 
    /* select
        generatedAlias0 
    from
        TestEntity as generatedAlias0 */ select
            testentity0_.id as id1_3_,
            testentity0_.created_time as created_2_3_,
            testentity0_.test_message as test_mes3_3_,
            testentity0_.test_name as test_nam4_3_ 
        from
            t_test_connection testentity0_
2025-07-01 05:07:49 [http-nio-8080-exec-7] DEBUG org.hibernate.SQL - 
    /* SELECT
        t 
    FROM
        TestEntity t 
    ORDER BY
        t.createdTime DESC */ select
            testentity0_.id as id1_3_,
            testentity0_.created_time as created_2_3_,
            testentity0_.test_message as test_mes3_3_,
            testentity0_.test_name as test_nam4_3_ 
        from
            t_test_connection testentity0_ 
        order by
            testentity0_.created_time DESC
2025-07-01 05:07:49 [http-nio-8080-exec-7] DEBUG org.hibernate.SQL - 
    /* select
        count(*) 
    from
        TestEntity x */ select
            count(*) as col_0_0_ 
        from
            t_test_connection testentity0_
2025-07-01 05:07:51 [http-nio-8080-exec-6] DEBUG org.hibernate.SQL - 
    /* insert demo.backed.entity.TestEntity
        */ insert 
        into
            t_test_connection
            (created_time, test_message, test_name) 
        values
            (?, ?, ?)
2025-07-01 05:07:51 [http-nio-8080-exec-6] TRACE o.h.type.descriptor.sql.BasicBinder - binding parameter [1] as [TIMESTAMP] - [2025-07-01T05:07:51.888]
2025-07-01 05:07:51 [http-nio-8080-exec-6] TRACE o.h.type.descriptor.sql.BasicBinder - binding parameter [2] as [VARCHAR] - [PostgreSQL连接成功，JPA工作正常！]
2025-07-01 05:07:51 [http-nio-8080-exec-6] TRACE o.h.type.descriptor.sql.BasicBinder - binding parameter [3] as [VARCHAR] - [数据库连接测试]
2025-07-01 05:07:51 [http-nio-8080-exec-6] DEBUG org.hibernate.SQL - 
    /* select
        generatedAlias0 
    from
        TestEntity as generatedAlias0 */ select
            testentity0_.id as id1_3_,
            testentity0_.created_time as created_2_3_,
            testentity0_.test_message as test_mes3_3_,
            testentity0_.test_name as test_nam4_3_ 
        from
            t_test_connection testentity0_
2025-07-01 05:07:51 [http-nio-8080-exec-6] DEBUG org.hibernate.SQL - 
    /* SELECT
        COUNT(t) 
    FROM
        TestEntity t */ select
            count(testentity0_.id) as col_0_0_ 
        from
            t_test_connection testentity0_
2025-07-01 05:08:12 [http-nio-8080-exec-1] DEBUG org.hibernate.SQL - 
    /* select
        generatedAlias0 
    from
        TestEntity as generatedAlias0 */ select
            testentity0_.id as id1_3_,
            testentity0_.created_time as created_2_3_,
            testentity0_.test_message as test_mes3_3_,
            testentity0_.test_name as test_nam4_3_ 
        from
            t_test_connection testentity0_
2025-07-01 05:08:12 [http-nio-8080-exec-1] DEBUG org.hibernate.SQL - 
    /* SELECT
        t 
    FROM
        TestEntity t 
    ORDER BY
        t.createdTime DESC */ select
            testentity0_.id as id1_3_,
            testentity0_.created_time as created_2_3_,
            testentity0_.test_message as test_mes3_3_,
            testentity0_.test_name as test_nam4_3_ 
        from
            t_test_connection testentity0_ 
        order by
            testentity0_.created_time DESC
2025-07-01 05:08:12 [http-nio-8080-exec-1] DEBUG org.hibernate.SQL - 
    /* select
        count(*) 
    from
        TestEntity x */ select
            count(*) as col_0_0_ 
        from
            t_test_connection testentity0_
2025-07-01 05:08:19 [http-nio-8080-exec-3] DEBUG d.b.config.JwtAuthenticationFilter - JWT认证成功，用户: admin@hkex.com, 部门: 信息技术部
2025-07-01 05:08:19 [http-nio-8080-exec-3] DEBUG org.hibernate.SQL - 
    /* select
        generatedAlias0 
    from
        User as generatedAlias0 
    order by
        generatedAlias0.createdTime desc */ select
            user0_.id as id1_2_,
            user0_.created_by as created_2_2_,
            user0_.created_time as created_3_2_,
            user0_.department as departme4_2_,
            user0_.email as email5_2_,
            user0_.emergency_contact as emergenc6_2_,
            user0_.emergency_phone as emergenc7_2_,
            user0_.employee_id as employee8_2_,
            user0_.hire_date as hire_dat9_2_,
            user0_.is_online as is_onli10_2_,
            user0_.last_login_time as last_lo11_2_,
            user0_.manager as manager12_2_,
            user0_.notes as notes13_2_,
            user0_.password as passwor14_2_,
            user0_.phone as phone15_2_,
            user0_.position as positio16_2_,
            user0_.status as status17_2_,
            user0_.updated_by as updated18_2_,
            user0_.updated_time as updated19_2_,
            user0_.user_name as user_na20_2_,
            user0_.user_type as user_ty21_2_,
            user0_.work_location as work_lo22_2_ 
        from
            t_poc_users user0_ 
        order by
            user0_.created_time desc limit ?
2025-07-01 05:10:19 [http-nio-8080-exec-8] DEBUG org.hibernate.SQL - 
    /* select
        generatedAlias0 
    from
        TestEntity as generatedAlias0 */ select
            testentity0_.id as id1_3_,
            testentity0_.created_time as created_2_3_,
            testentity0_.test_message as test_mes3_3_,
            testentity0_.test_name as test_nam4_3_ 
        from
            t_test_connection testentity0_
2025-07-01 05:10:19 [http-nio-8080-exec-8] DEBUG org.hibernate.SQL - 
    /* SELECT
        t 
    FROM
        TestEntity t 
    ORDER BY
        t.createdTime DESC */ select
            testentity0_.id as id1_3_,
            testentity0_.created_time as created_2_3_,
            testentity0_.test_message as test_mes3_3_,
            testentity0_.test_name as test_nam4_3_ 
        from
            t_test_connection testentity0_ 
        order by
            testentity0_.created_time DESC
2025-07-01 05:10:19 [http-nio-8080-exec-8] DEBUG org.hibernate.SQL - 
    /* select
        count(*) 
    from
        TestEntity x */ select
            count(*) as col_0_0_ 
        from
            t_test_connection testentity0_
2025-07-01 05:11:52 [http-nio-8080-exec-1] DEBUG org.hibernate.SQL - 
    /* select
        generatedAlias0 
    from
        TestEntity as generatedAlias0 */ select
            testentity0_.id as id1_3_,
            testentity0_.created_time as created_2_3_,
            testentity0_.test_message as test_mes3_3_,
            testentity0_.test_name as test_nam4_3_ 
        from
            t_test_connection testentity0_
2025-07-01 05:11:52 [http-nio-8080-exec-1] DEBUG org.hibernate.SQL - 
    /* SELECT
        t 
    FROM
        TestEntity t 
    ORDER BY
        t.createdTime DESC */ select
            testentity0_.id as id1_3_,
            testentity0_.created_time as created_2_3_,
            testentity0_.test_message as test_mes3_3_,
            testentity0_.test_name as test_nam4_3_ 
        from
            t_test_connection testentity0_ 
        order by
            testentity0_.created_time DESC
2025-07-01 05:11:52 [http-nio-8080-exec-1] DEBUG org.hibernate.SQL - 
    /* select
        count(*) 
    from
        TestEntity x */ select
            count(*) as col_0_0_ 
        from
            t_test_connection testentity0_
2025-07-01 05:21:34 [http-nio-8080-exec-5] DEBUG org.hibernate.SQL - 
    /* select
        generatedAlias0 
    from
        TestEntity as generatedAlias0 */ select
            testentity0_.id as id1_3_,
            testentity0_.created_time as created_2_3_,
            testentity0_.test_message as test_mes3_3_,
            testentity0_.test_name as test_nam4_3_ 
        from
            t_test_connection testentity0_
2025-07-01 05:21:34 [http-nio-8080-exec-5] DEBUG org.hibernate.SQL - 
    /* SELECT
        t 
    FROM
        TestEntity t 
    ORDER BY
        t.createdTime DESC */ select
            testentity0_.id as id1_3_,
            testentity0_.created_time as created_2_3_,
            testentity0_.test_message as test_mes3_3_,
            testentity0_.test_name as test_nam4_3_ 
        from
            t_test_connection testentity0_ 
        order by
            testentity0_.created_time DESC
2025-07-01 05:21:34 [http-nio-8080-exec-5] DEBUG org.hibernate.SQL - 
    /* select
        count(*) 
    from
        TestEntity x */ select
            count(*) as col_0_0_ 
        from
            t_test_connection testentity0_
